sigle;typ;titel;oracleID
A;Abkürzung;Antwortbrief;-
AA Divan 3;Literatur;Werke Goethes. Hrsg. von der Deutschen Akademie der Wissenschaften zu Berlin. West-östlicher Divan. 3. Paralipomena. Bearbeitet von Ernst Grumach. Berlin 1952;-
Abeken;Literatur;"Abeken, Bernhard Rudolf: Goethe in meinem Leben. Erinnerungen und Betrachtungen. Nebst weiteren Mitteilungen über Goethe, Schiller, Wieland und ihre Zeit; aus Abekens Nachlaß hrsg. von Adolf Heuermann. Weimar 1904";2
Album, Würzburg 1858;Literatur;Album des deutschen Vereins zur Unterstützung der Hinterlassenen verdienter Künstler. Würzburg 1858;-
Alt, in: Sitzungsberichte 1901;-;Alt, Karl: Eine Episode aus dem Leben F. L. Lindners. - In: Sitzungsberichte der Gesellschaft für Geschichte und Altertumskunde der Ostseeprovinzen Rußlands aus dem Jahre 1901, S. 105-113;
ALZ;-;Allgemeine Literaturzeitung mit Intelligenzblatt und Ergänzungsblättern. Hrsg. von Christian Gottfried Schütz. Jena 1785-1803, Halle 1804-1848 ;
Andreas, in: GJb 54 (1934);-;Andreas, Willy: Herzog Karl Augusts Heimkehr aus dem Befreiungskrieg. Mit vier unbekannten Denkschriften Goethes. - In: GJb 54 (1934), S. 114-144;
Anzeiger vom Oberland 1933;-;Ein Glückwunschschreiben Wielands an Goethe. - In: Anzeiger vom Oberland, 1. August 1933, Nr. 182;
Archiv, Bd. 161 (1932);-;Deetjen, Werner: Goethe und die Brüder Grimm. - In: Archiv für das Studium der neueren Sprachen 161 (1932), S. 83f.;
Arndt u. a., in: GJb 1 (1880);-;Arndt, Wilhelm  u. a.: Sechsunddreißig Briefe von Goethe. - In: GJb 1 (1881), S. 225-289;
Arndt u. a., in: GJb 2 (1881);-;Arndt, Wilhelm u. a.: Einundvierzig Briefe von Goethe nebst 2 Briefen der Frau Rath und einem Brief von K. P. Moritz. - In: GJb 2 (1881), S. 237-315;
Arnold, in: Chr WGV 34 (1924);-;Arnold, Robert F.: Der erste Illustrator von Goethes "Faust". Mit ungedruckten Briefen an Goethe. - In: Chronik des Wiener Goethe-Vereins 34 (1924), S. 31-33;
Arnold, in: Euphorion 1897;-;Arnold, Robert F.: Zu Goethes "Neugriechisch-epirotischen Heldenliedern". - In: Euphorion 1897, Bd. 4, S. 545-547;
Arnold, in: GJb 92 (1975);-;Arnold, Günter: Ein unbekannter Brief Adam Müllers an Goethe. - In: GJb 92 (1975), S. 266-268;
AT;Abkürzung;Altes Testament;-
Aus Schellings Leben;-;Aus Schellings Leben, in Briefen. Hrsg. von Gustav Leopold Plitt. Bd. 1-3. Leipzig 1869;
Ausstellungskatalog: Akademie gemeinnütziger Wissenschaften;-;Ein eigenartiges Stück deutschen Geisteslebens. 250 Jahre Akademie gemeinnütziger Wissenschaften zu Erfurt. Eine Ausstellung des Stadtarchivs Erfurt, 15. Mai bis zum 27. Juni 2004. Katalog. Zusammengestellt und bearbeitet von Rudolf Benl. Erfurt 2004;
Ausstellungskatalog: Düsseldorfer Künstler;-;Düsseldorfer Künstler im Goethe-Kreis. Eine Ausstellung des Goethe-Museums Düsseldorf, Anton-und-Katharina-Kippenberg-Stiftung, 19. Mai bis 30. Juni 1979. Katalog. Hrsg. von Jörn Göres. Düsseldorf 1980;
Ausstellungskatalog: Goethe in Weimar;-;Goethe in Weimar. Dokumente seines Lebens und Wirkens. Ausstellung im Goethe- und Schiller-Archiv 1975. Weimar 1975;
Ausstellungskatalog: Werther;-;Katalog zur Ausstellung "Die Leiden des jungen Werthers. Goethes Roman im Spiegel der Zeit". Hrsg. von Jörn Göres. Düsseldorf 1972;
Azzouni, in: GJb 119 (2002);-;Azzouni, Safia: Goethes Lektüre im "Archiv für den Thierischen Magnetismus" - zu einigen neuentdeckten Randnotizen. - In: GJb 119 (2002), S. 218-227;
B;Abkürzung;Bezugsbrief;-
Bär;-;Der Bär. Jahrbuch von Breitkopf ^& Härtel auf das Jahr 1925. Leipzig 1925;
Baldensperger, in: Mélanges de philologie;-;Baldensperger, Fernand: Le dossier stendhalien de Goethe. (1934) - In: Mélanges de philologie d'histoire et de littérature. Offerts à Joseph Vianey. Paris 1934, S. 333-343;
Baldensperger, in: Modern Language Review 4 (1909);-;Baldensperger, Fernand: Two Unpublished Letters to Goethe from an English Translator of "Goetz von Berlichingen". - In: The Modern Language Review 4 (1909), S. 515-517;
Baldensperger, in: Pays lorrain;-;Baldensperger, Fernand: Une lettre inèdite de l' Abbédite de l' Abbé Henry à Goethe. - In: Pays lorrain, 20. Februar 1908, S. 59f.;
Baldensperger, in: Rev litt comp 12 (1932);-;Baldensperger, Fernand: Une lettre inèdite de Bitaubé à Goethe. - In: Revue de littérature comparée 12 (1932), S. 206-208;
Baldensperger, in: Revue germanique 7 (1911);-;Baldensperger, Fernand: Goethe et les Émigrés Francais à Weimar. - In: Revue germanique 7 (1911), S. 1-28;
Barthel;-;Barthel, Manfred: Johann Christian Mahr (1787-1869). Goethes Fossiliensammler im Steinkohlenvorkommen Manebach-Kammerberg. - In: Leben und Wirken deutscher Geologen im 18. und 19. Jahrhundert. Hrsg. von Hans Prescher. Leipzig 1985, S. 162-182;
Beaulieu-Marconnay, in: GJb 6 (1885);-;Beaulieu-Marconnay, Karl v.: Goethes cour d'amour. Bericht einer Teilnehmerin, nebst einigen Briefen. - In: GJb 6 (1885), S. 59-83;
Bechtolsheim;Literatur;Schmidt, Eva: Julie von Bechtolsheim, Wielands»Psyche«. Eine Biographie. Rattenkirchen 2003;
Beck, Ernst der Zweite;-;Beck, August: Ernst der Zweite, Herzog zu Sachsen-Gotha und Altenburg als Pfleger und Beschützer der Wissenschaft und Kunst. Gotha 1854;
Becker-Cantarino, in: Karsch;-;Becker-Cantarino, Barbara: "Die deutsche Sappho" und "des Herzogs Spießgesell". Anna Louisa Karsch und Goethe. - In: Anna Louisa Karsch (1722-1791). Von schlesischer Kunst und Berliner "Natur". Ergebnisse des Symposions zum 200. Todestag der Dichterin. Hrsg. von Anke Bennholdt-Thomsen und Anita Runge. Göttingen 1992, S. 110-131;
Begegnungen;-;Goethe. Begegnungen und Gespräche. Hrsg. von Ernst Grumach und Renate Grumach. [ab Bd. 3:] Begründet von Ernst Grumach und Renate Grumach. Hrsg. von Renate Grumach. Bd. 1-6, 8 und 14. Berlin u. a. 1965-2013;
Benz;-;Benz, Richard: Goethe und die romantische Kunst. München 1940;
Bergbau;-;Herrmann, Walter: Bergbau und Kultur. Beiträge zur Geschichte des Freiberger Bergbaus und der Bergakademie. Berlin 1953;
Berger;-;Berger, Joachim: Anna Amalia von Sachsen- Weimar-Eisenach (1739-1807). Denk- und Handlungsräume einer 'aufgeklärten' Herzogin. Heidelberg 2003;
Bergmann, in: Zeitschr. f. Thür. Gesch. 32 (1936);-;Bergmann, Alfred: Die Redeckersche Angelegenheit. - In: Zeitschrift des Vereins für thüringische Geschichte und Altertumskunde 32 (1936), S. 100-152;
Bettina;-;Bettinas Leben und Briefwechsel mit Goethe. Hrsg. von Fritz Bergemann. Leipzig 1927;
Bettine, Briefwechsel;-;Bettine von Arnim. Goethes Briefwechsel mit einem Kinde. Erste vergleichende und kommentierte Edition von Erstausgabe und Original-Briefwechsel. Hrsg. von Walter Schmitz und Sibylle von Steinsdorff. Frankfurt 1995;
Beutler, in: Goethe-Kalender 1934;-;Beutler, Ernst: Tischbeinfunde. Selbstbildnis und Briefe. - In: Goethe-Kalender auf das Jahr 1934. Leipzig 1934, S. 44-128;
bh. A.;Abkürzung;behändigte Ausfertigung;-
Bl.;Abkürzung;Blatt;-
BLB Karlsruhe;Institution;Badische Landesbibliothek Karlsruhe;
Bluhm;-;August von Goethe und Ottilie von Pogwisch. Briefe aus der Verlobungszeit. Hrsg. von Heinz Bluhm, mit einem Kommentar von Dorothea Lohmeyer-Hölscher. Weimar 1962;
Boblenz, in: Sömmerdaer Heimatheft 14 (2002);-;Boblenz, Frank: Der Freuden Oberpriesterin - Cäcilie von Werthern (1773-1831), Karl August Böttiger (1760-1835) und Frohndorf. - In: Sömmerdaer Heimatheft. Beiträge zur Heimatkunde des Landkreises Sömmerda und der Unstrut-Finne-Region. Heft 14 (2002), S. 60-92;
Bode, Goethes Sohn;-;Bode, Wilhelm: Goethes Sohn. Berlin 1918;
Bode, in: Stunden mit Goethe;-;Bode, Wilhelm: Ein Brief Friedrich von Steins an Goethe. - In: Stunden mit Goethe. Hrsg. von Wilhelm Bode. Berlin 1912, S. 111-123;
Börckel;-;Börckel, Alfred: Goethe und Schiller in ihren Beziehungen zu Mainz. Mainz 1904;
Boisserée;-;Firmenich-Richartz, Eduard: Die Brüder Boisserée. Bd. 1: Sulpiz und Melchior Boisserée als Kunstsammler. Ein Beitrag zur Geschichte der Romantik. Jena 1916;
Bojanowski, E. v.;-;Bojanowski, Eleonore v.: Louise, Großherzogin von Sachsen-Weimar und ihre Beziehungen zu den Zeitgenossen. Stuttgart, Berlin 1903;
Bojanowski, in: Revue historique 23 (1898);-;Bojanowski, Paul v.: Quelques lettres inédites de J.-J. Mounier. - In: Revue historique 23 (1898), S. 61-69;
Bosse;-;Bosse, Anke: Meine Schatzkammer füllt sich täglich ... Die Nachlaßstücke zu Goethes "West-östlichem Divan". Dokumentation, Kommentar. Bd. 1-2. Göttingen 1999;
Boxberger, in: AfL 9 (1880);-;Boxberger, Robert: Die Veruntreuung des Manuskriptes von Wallensteins Lager. - In: Archiv für Literaturgeschichte 9 (1880), S. 339-355;
Bradish;-;Bradish, Joseph A. v.: Goethes Beamtenlaufbahn. New York 1937;
BrBü;-;Briefe von und an Gottfried August Bürger. Hrsg. von Adolf Strodtmann. Bd. 1-4. Berlin 1874;
Br El Tü;-;Die Briefe der Elise von Türckheim geb. Schönemann. Hrsg. von John Ries. Frankfurt am Main 1924;
Brandes, in: GJb 2 (1881);-;Brandes, Georg: Goethe und Dänemark. - In: GJb 2 (1881), S. 1-48;
Brandis, in: GJb 48 (1928);-;Brandis, Karl Georg: Goethes Plan eines Gesamtkatalogs der weimarischen Bibliotheken. - In: GJb 48 (1928), S. 152-165;
Brandis, in: ZfBfr 4 (1913);-;Brandis, Karl Georg: Goethes dramatische Preisaufgabe. - In: Zeitschrift für Bücherfreunde 4 (1913), S. 231-240;
Bratranek, in: GJb 4 (1883);-;Bratranek, Franz Thomas: Nachträge zu Goethe-Korrespondenzen. - In: GJb 4 (1883), S. 230-315;
Bratranek, in: GJb 5 (1884);-;Bratranek, Franz Thomas: Nachträge zu Goethe-Korrespondenzen. - In: GJb 5 (1884), S. 38-133;
Brednow;-;Brednow, Walter: Dietrich Georg Kieser. Sein Leben und Werk. Wiesbaden 1970;
Bretthauer, in: Hessenland 1928;-;Bretthauer, K.: Goethe in Kassel. - In: Hessenland. Zeitschrift für hessische Geschichte und Literatur 1928, S. 10-13 und 37f.;
BrG;-;Briefe von und an Goethe. Hrsg. von Friedrich Wilhelm Riemer. Leipzig 1846;
Briefe HA;-;Briefe an Goethe. Gesammelt, textkritisch durchgesehen und mit Anmerkungen versehen von Karl Robert Mandelkow. Bd. 1-2. (Hamburger Ausgabe in 2 Bänden) Hamburg 1965-1969;
Briefw Schop;-;Der Briefwechsel Arthur Schopenhauers. Hrsg. von Karl Gebhardt. Bd. 1-3. München 1929-1942 (Arthur Schopenhauers sämtliche Werke. Hrsg. von Paul Deussen. Bd. 14-16);
BrL;-;Briefe von und an J. M. R. Lenz. Hrsg. von Karl Frege und Wolfgang Stammler. Bd. 1-2. Leipzig 1918;
Bruckmann, in: Nordost-Archiv 1986;-;Bruckmann, Klaus: Max von Schenkendorf - ein deutscher Dichter. - In: Nordost-Archiv 1986, Heft 82, S. 73-104;
BSB München;Institution;Bayerische Staatsbibliothek München;
Bulling, in: Festschrift Vorstius;-;Bulling, Karl: Aus der Jenaer bibliothekarischen Tätigkeit Johann Samuel Erschs. Ein Beitrag zu Goethes Plan eines Gesamtkatalogs der weimarischen Bibliotheken. - In: Bibliothek, Bibliothekar, Bibliothekswissenschaft. Festschrift. Joris Vorstius zum 60. Geburtstag dargebracht. Leipzig 1954, S. 296-315;
Buquoy;-;Buquoy, Margarete von: Begegnungen in Böhmen: Goethe, Buquoy, Tomaschek. Wissenschaft, gesellschaftliches Leben und Musik. 2. Aufl. München 1987;
Burkhardt, in: Euphorion 1895;-;Burkhardt, Carl August Hugo: Ernst Ludwig Grosse. - In: Euphorion 1895, Bd. 2, S. 330-344;
Burwick, in: International Faust Studies;-;Burwick, Frederick:  "An Orphic Tale": Goethe's "Faust" Translated by Coleridge. - In: International Faust Studies: Adaption, Reception, Translation. Hrsg. von Lorna Fitzsimmons. London 2008, S. 124-145;
Bury;-;Friedrich Bury. Briefe aus Italien an Goethe und Anna Amalia. Hrsg. von Martin Dönike. Göttingen 2007;
BVL;Abkürzung;Büchervermehrungsliste, Bestandteil von Goethes Tagebüchern;-
BW;Literatur;Wielands Briefwechsel. Hrsg. von der Berlin-Brandenburgischen Akademie der Wissenschaften durch Siegfried Scheibe. Bd. 1-20. Berlin 1963-2007;
Caroline;-;Caroline. Briefe aus der Frühromantik. Hrsg. von Erich Schmidt. Bd. 1-2. Leipzig 1913;
CheJe;-;Döbling, Hugo: Die Chemie in Jena zur Goethezeit. Jena 1928 (Zeitschrift des Vereins für thüringische Geschichte und Altertumskunde, N. F., Beiheft 13);
Cornelissen, in: GJb 77 (1960);-;Cornelissen, Maria: Ein Brief Hölderlins an Goethe? - In: GJb 77 (1960), S. 269-276;
Corpus der Goethezeichnungen;-;Corpus der Goethezeichnungen. Bearbeitet von Gernhard Femmel. Bd. 1 - 7. Leipzig 1958 - 1973;
Cotta;-;Goethe und Cotta. Briefwechsel 1797-1832. Hrsg. von Dorothea Kuhn. Bd. 1-3. Stuttgart 1979-1983;
Creizenach, in: GJb 25 (1904);-;Creizenach, Wilhelm: Dankbriefe für die Übersendung von Wilhelm Meisters Lehrjahren. - In: GJb 25 (1904), S. 44-46;
D;Abkürzung;Druck;-
d. i.;Abkürzung;das ist;-
Dammann, in: GJb 50 (1930);-;Dammann, Oswald: Goethe und Christian Friedrich Schlosser. Mit einem ungedruckten Briefe Schlossers an Goethe. - In:  GJb 50 (1930), S. 39-72;
Dann, in: DAZ 1965;-;Dann, Georg Edmund: Rudolph Brandes, Wilhelm Brandes und Heinrich Wilhelm Brandes als Meteorologen und ihre Beziehungen zu Goethe. Eine Richtigstellung. - In: Deutsche Apotheker-Zeitung 105 (1965), S. 1657-1664;
Deetjen, in: GJb 46 (1926);-;Deetjen, Werner: Ein weimarischer Edelmann (Ein Brief des Freiherrn Wilhelm von Ziegesar an Goethe). - In: GJb 46 (1926), S. 211-217;
Deetjen, in: Thür.-Sächs. Zeitschr. 20 (1931);-;Deetjen, Werner: Goethe und die Ausgrabungen um Weimar. - In: Thüringische-Sächsische Zeitschrift für Geschichte und Kunst 20 (1931), S. 62 - 67;
Deile;-;Deile, Gotthold: Goethe als Freimaurer. Berlin 1908;
Dietmar;-;Dietmar, Siegismund Gottfried: Theater-Briefe von Goethe und freundschaftliche Briefe von Jean Paul. Nebst einer Schilderung Weimars in seiner Blütezeit. Berlin 1835;
Distel, in: GJb 21 (1900);-;Distel, Theodor: Aus Müllnerianis über Goethe. - In: GJb 21 (1900), S. 288-292;
Distel, in: GJb 27 (1906);-;Distel, Theodor: Peucers Tafellied zum 74sten [richtig: 73.] Geburtstage Goethes. - In: GJb 27 (1906), S. 276-278;
DjG#2;Literatur;Der junge Goethe. Hrsg. von Max Morris. Bd. 1-6. Leipzig 1909-1912;496
DjG#3;Literatur;Der junge Goethe. Hrsg. von Hanna Fischer-Lamberg. Bd. 1-5 und Registerbd. Berlin 1963-1974;497
Doebber, in: GJb 40 (1919);-;Doebber, Adolf: Goethe und sein Gut Oberroßla. - In: GJb 40 (1919), S. 195-239;
Doebber, in: GJb 44 (1924);-;Doebber, Adolf: Schinkel in Weimar. - In: GJb 44 (1924), S. 103-130 ;
Doebber;-;Doebber, Adolf: Das Schloß in Weimar. Seine Geschichte vom Brande 1774 bis zur Wiederherstellung 1804. Jena 1911;
Dorow;-;Dorow, Wilhelm: Krieg, Literatur und Theater. Mitteilungen zur neueren Geschichte. Leipzig 1945;
Dreyer;-;Dreyer, Ernst Adolf: Friedrich Vieweg ^& Sohn in 150 Jahren deutscher Geistesgeschichte. Braunschweig 1936;
Drude;-;Briefe und Begegnungen. Christoph Martin Wieland - Sophie Brentano. Hrsg. und erläutert von Otto Drude. Weinheim 1989;
Düntzer, Herders Nachlaß;-;Aus Herders Nachlaß. Ungedruckte Briefe von Herder und dessen Gattin, Goethe, Schiller, Klopstock, Lenz, Jean Paul, Claudius, Lavater, Jacobi und anderen bedeutenden Zeitgenossen. Hrsg. von Heinrich Düntzer und Ferdinand Gottfried von Herder. Bd. 1-3. Frankfurt am Main 1856f.;
Durylin, in: Literaturnoje Nasledstwo 1932;-;Durylin, Sergej Nikolajewitsch: Russkije Nasledstwo pisateli u Gete w Weimare. - In: Literaturnoje Nasledstwo 1932, Bd. 4-6, S. 83-504;
E. v. Bojanowski;-;Bojanowski, Eleonore v.: Louise, Großherzogin von Sachsen-Weimar und ihre Beziehungen zu den Zeitgenossen. Stuttgart, Berlin 1903;
e.;Abkürzung;erwähnt;-
E;Abkürzung;Erwähnung;-
Ebart;Literatur;Ebart, Paul von: Bernhard August von Lindenau. Gotha 1896;223
EBl;Abkürzung;Ergänzungsblätter;-
Ebrard, in: GJb 31 (1910);-;Ebrard, Friedrich: Zwei Briefe Wilhelm von Humboldts an Goethe. - In: GJb 31 (1910), S. 49-59;
Ebstein, in: Thür.-Sächs. Zeitschr. 19 (1930);-;Ebstein, Erich: Ein Gespräch mit Goethe in Halle (1802). Mit je einem Brief von L. Thilo an Riemer und an Goethe. - In: Thüringisch-Sächsische Zeitschrift für Geschichte und Kunst 19 (1930), S. 80-85;
Eckardt;-;Eckardt, Götz: Johann Gottfried Schadow. 1764 bis 1850. Der Bildhauer. Leipzig 1990;
Eckermann Houben;-;Houben, Heinrich Hubert: J. P. Eckermann. Sein Leben für Goethe. Nach seinen neuaufgefundenen Tagebüchern und Briefen dargestellt. Bd. 1-2. Leipzig 1925-1928;
Eckle, in: GJb 123 (2006);-;Eckle, Jutta: "Ganz neue Ansichten dieses philosophischen Steines". - Goethes Briefwechsel mit Johann Gottfried Steinhäuser über Magnetismus. - In: GJb 123 (2006), S. 218-246;
Egloffstein;-;Alt-Weimars Abend. Briefe und Aufzeichnungen aus dem Nachlasse der Gräfinnen Egloffstein. Hrsg. von Hermann Freiherrn von Egloffstein. München 1923;
Egloffstein, in: DR 166 (1916);-;Egloffstein, Hermann von: Karl Bertuchs Tagebuch vom Wiener Kongreß (Schluß). - In: Deutsche Rundschau 166 (1916), S. 86-115;
Eichstädt;-;Goethes Briefe an Eichstädt. Hrsg. von Woldemar v. Biedermann. Berlin 1872;
Elster, in: Dt. Tageszeitung, 26. August 1909;-;Elster, Hans Martin: Ein unveröffentlichter Brief Goethes. - In: Deutsche Tageszeitung vom 26. August 1909;
Elternhaus;-;Johann Caspar Goethe, Cornelia Goethe, Catharina Elisabeth Goethe. Briefe aus dem Elternhaus. Hrsg. von Wolfgang Pfeiffer-Belli. Zürich 1960;
Ende, in: Euphorion 12 (1905);-;Ende, Karl: Beitrag zu den Briefen an Schiller aus dem Kestner-Museum. - In: Euphorion 12 (1905), S. 364-402;
Engelhard;-;Philippine Engelhard, geb. Gatterer (1756- 1831). »Laß die Dichtkunst mich begleiten bis zum letzten Lebensgang«. Ausgewählte Gedichte. Ein bürgerliches Leben zwischen Spätaufklärung und Biedermeier. Herausgegeben und eingeleitet und mit einer Biographie versehen von Ruth Stummann-Bowert. Würzburg 2008;
Erinnerungen;-;Erinnerungen aus dem Leben Johann Gottfried von Herders. Gesammelt und beschrieben von Maria Carolina von Herder, geb. Flachsland. Hrsg. von Johann Georg Müller. Bd. 1-2. Tübingen 1820;
Ernst 1941;Literatur;Ernst, Fritz: Aus Goethes Freundeskreis. Studien um Peter im Baumgarten. Erlenbach, Zürich 1941;
Ettlinger;-;Ettlinger, Josef: Benjamin Constant. Der Roman eines Lebens. Berlin 1909;
Europa 1850;-;Ein Brief von Frau von Grotthuis an Goethe. - In: Europa. Chronik der gebildeten Welt 27 (1850), S. 209-211;
FA;-;Johann Wolfgang Goethe. Sämtliche Werke, Briefe, Tagebücher und Gespräche. Hrsg. von Hendrik Birus u. a. Abt. I-II. Bd. 1-40. Frankfurt 1985-1999 (Frankfurter Ausgabe);
Fahrten nach Weimar;-;Fahrten nach Weimar. Slawische Gäste bei Goethe. Auswahl aus Briefen, Berichten und Aufzeichnungen. Mit einem Vorwort von Rudolf Fischer und mit Anmerkungen von Peter Kirchner und Rüdiger Ziemann. Weimar 1958;
Fambach;-;Fambach, Oscar: Goethe und seine Kritiker. Die wesentlichen Rezensionen aus der periodischen Literatur seiner Zeit, begleitet von Goethes eigenen und seiner Freunde Äußerungen zu deren Gehalt. Düsseldorf 1953;
Fernow, Briefe;-;Carl Ludwig Fernow. "Rom ist eine Welt in sich". Briefe 1789-1808. Hrsg. und kommentiert von Margrit Glaser und Harald Tausch. Bd. 1-2. Göttingen 2013;
Fichte-Gesamtausgabe;-;Johann Gottlieb Fichte. Gesamtausgabe der Bayerischen Akademie der Wissenschaften. Hrsg. von Reinhard Lauth und Hans Jacob. Abt. III: Briefe. Bd. 1ff. Stuttgart-Bad Cannstatt 1968ff.;
Finsler u. a., in: GJb 6 (1885);-;Finsler, Georg u. a.: Mitteilungen von Zeitgenossen über Goethe, nebst einigen Briefen an Goethe. 1776 bis 1834. - In: GJb 6 (1885), S. 95-147;
Fischer-Lamberg, in: GJb 78 (1961);-;Fischer-Lamberg, Renate: Zu Goethes Briefwechsel. Erstveröffentlichungen und Textkorrekturen. - In: GJb 78 (1961), S. 253-264;
Flach, in: Festschrift Vulpius;-;Flach, Willy: Ein Polizeiagent Metternichs bei Goethe. - In: Festschrift für Wolfgang Vulpius zu seinem 60. Geburtstag am 27. November 1957. Weimar 1957, S. 7 - 35;
Francke, in: GJb 49 (1929);-;Francke, Otto: Splitter aus Goethes Korrespondenz. - In: GJb 49 (1929), S. 66-68;
Frank, in: Sitzungsberichte 1912;-;Frank, Erich: Rezensionen über schöne Literatur von Schelling und Caroline. - In: Sitzungsberichte der Heidelberger Akademie der Wissenschaften 1912. Phil.-Hist. Klasse, S. 1-64;
Franzos, in: Deutsche Dichtung 9 (1890);-;Franzos, Karl Emil: Aus Goethes Briefwechsel mit Friederike Unzelmann-Bethmann. - In: Deutsche Dichtung 9 (1890), S. 29-32, 97-102, 152-155, 254-259;
Franzos, in: Deutsche Dichtung 17 (1894);-;Franzos, Karl Emil: Briefe von und an Goethe. - In: Deutsche Dichtung 17 (1894), S. 29f.;
Franzos, in: Magazin 61 (1892);-;Franzos, Karl Emil: Aus Goetheschen Theater-Akten (Schluß). - In: Das Magazin für Literatur 61 (1892), S. 74f., 110-112;
Freiherr vom Stein;-;Freiherr vom Stein. Briefwechsel, Denkschriften und Aufzeichnungen. Bearbeitet von Erich Botzenhardt. Bd. 5. Berlin 1934;
Freye;-;Freye, Karl: Casimir Ulrich Boehlendorff, der Freund Herbarts und Hölderlins. Langensalza 1913;
Freytag, in: Grenzboten 22 (1863);-;Freytag, Gustav: Einige ungedruckte Briefe Goethes. - In: Grenzboten 22 (1863), S. 81-93;
Friedlaender, in: GJb 12 (1891);-;Friedlaender, Max: Musikerbriefe. - In: GJb 12 (1891), S. 77-132;
Fröschle, in: German-Canadian Yearbook 1998;-;Fröschle, Hartmut: Berczy trifft Goethe. - In: German-Canadian Yearbook 1998, Bd. 15, S. 89-97;
Froitzheim;-;Froitzheim, Johanna: Lenz und Goethe. Mit ungedruckten Briefen von Lenz, Herder, Lavater, Röderer, Luise König. Stuttgart u. a. 1891;
G Amtl Schr;-;Goethes Amtliche Schriften. Goethes Tätigkeit im Geheimen Consilium. Bearbeitet von Willy Flach und Helma Dahl. Bd. 1-4. Weimar 1959-1987;
G Briefe HA;-;Goethes Briefe. Hrsg. von Karl Robert Mandelkow und Bode Morawe. Bd. 1-4. (Hamburger Ausgabe) Hamburg 1962-1967;
G Briefe;-;Johann Wolfgang Goethe, Briefe. Historisch-kritische Ausgabe, im Auftrag der Klassik Stiftung Weimar, Goethe- und Schiller-Archiv, hrsg. von Georg Kurscheidt, Norbert Oellers und Elke Richter, Bd. 1ff., Berlin 2008ff.;
G Grafiksammlung;-;Goethes Grafiksammlung. Die Franzosen. Katalog und Zeugnisse. Bearbeitet von Gerhard Femmel. Leipzig 1980;
G.;Abkürzung;Goethe;-
Gaedertz;-;Gaedertz, Karl Theodor: Bei Goethe zu Gaste. Neues von Goethe, aus seinem Freundes- und Gesellschaftskreise. Leipzig 1900;
GAug;-;Goethes Briefwechsel mit seinem Sohn August. Mit Einleitung, Kommentar und Register. Hrsg. von Gerlinde Ulm Sanford. Bd. 1-2. Weimar 2004;
GaV;-;Vogel, Karl: Goethe in amtlichen Verhältnissen. Jena 1834;
GB;-;Sulpiz Boisserée. [Hrsg. von Mathilde Boisserée]. Bd. 1-2. Stuttgart 1862;
GBr;-;Goethes Briefwechsel mit Antonie Brentano 1814 bis 1821. Hrsg. von Rudolf Jung. Weimar 1896;
GC;-;Goethes Briefwechsel mit seiner Frau. Hrsg. von Hans Gerhard Gräf. Bd. 1-2. Frankfurt am Main 1916;
GCar;-;Grosche, Stefan: "Zarten Seelen ist gar viel gegönnt". Naturwissenschaft und Kunst im Briefwechsel zwischen C.G. Carus und Goethe. Mit einem kunsthistorischen Beitrag von Jutta Müller-Tamm. Göttingen 2001;
GDö;-;Briefwechsel zwischen Goethe und Johann Wolfgang Döbereiner (1810-1830). Hrsg. und erläutert von Julius Schiff. Weimar 1914;
Geiger, in: GJb 14 (1893);-;Geiger, Ludwig: Einundzwanzig Briefe von Marianne von Eybenberg, acht von Sara von Grotthus, zwanzig von Varnhagen von Ense an Goethe, zwei Briefe Goethes an Frau von Eybenberg. - In: GJb 14 (1893), S. 27-142;
Geiger, in: GJb 15 (1894);-;Geiger, Ludwig: Acht Briefe F. A. Wolfs, sechs Briefe A. Hirts, vier Briefe Goethes an Hirt. - In: GJb 15 (1894), S. 54-108;
Geiger, in: GJb 17 (1896);-;Geiger, Ludwig: Briefe F. Tiecks an Goethe. - In: GJb 17 (1896), S. 45-57;
Geiger, in: GJb 17 (1896);-;Geiger, Ludwig: Stegmayer an Goethe. - In: GJb 17 (1896), S. 249f.;
Geiger, in: GJb 19 (1898);-;Geiger, Ludwig: Dreizehn Briefe Goethes an Adele Schopenhauer. Nebst Antworten der Adele und einem Billet Börnes an Goethe. - In: GJb 19 (1898), S. 53-119;
Geiger, in: GJb 22 (1901);-;Geiger, Ludwig: Fünf Briefe Goethes 1790 - 1819. - In: GJb 22 (1901), S. 74 - 84;
Geiger, in: GJb 24 (1903);-;Geiger, Ludwig: Goethe und die arkadische Gesellschaft. - In: GJb 24 (1903), S. 248-252;
Geiger, in: GJb 26 (1905);-;Geiger, Ludwig: Schauspielerbriefe. - In: GJb 26 (1905), S. 51-92;
Geiger, Suphan, in: GJb 8 (1887);-;Geiger, Ludwig und Bernhard Suphan: Mitteilungen aus dem Goethe-Archiv. - In: GJb 8 (1887), S. 1-120;
Geiger u. a., in: GJb 9 (1888);-;Geiger, Ludwig, Erich Schmidt und Bernhard Suphan: Mitteilungen aus dem Goethe-Archiv. Gedichte, Briefe und Aktenstücke. - In: GJb 9 (1888), S. 7-105;
Geiger u. a., in: GJb 11 (1890);-;Geiger, Ludwig u. a.: Neue Mitteilungen. Briefe. - In: GJb 11 (1890), S. 3-120;
Geiser, in: Schweizerische Musikzeitung;-;Geiser, S.: Goethe und die Mutter Carl Maria von Webers. Erstveröffentlichung eines Theatervertrags zwischen dem Weimarischen Theater und Genovefa von Weber (1794), nach der Handschrift Goethes. - In: Schweizerische Musikzeitung 97 (1957), S. 177-180;
Geller;-;Geller, Hans: Carl Ludwig Kaaz. Landschaftsmaler und Freund Goethes. 1773-1810. Berlin 1961;
Gemmenkatalog;-;Die Gemmen aus Goethes Sammlung. Bearbeiter der Ausgabe Gerhard Femmel. Katalog Gerald Heres. Leipzig 1977;
Germania;-;Germania. Zeitung für das deutsche Volk. Berlin 1870-1938;
Gersdorff;-;Gersdorff, Dagmar v.: Dich zu lieben kann ich nicht verlernen. Das Leben der Sophie Brentano-Mereau. Frankfurt am Main 1984;
GH;-;Briefwechsel des Herzogs-Großherzogs Carl August mit Goethe. Hrsg. von Hans Wahl. Bd. 1-3. Berlin 1915-1918;
GHer;-;Johann Wolfgang Goethe - Johann Gottfried Jacob Hermann. Briefwechsel 1820-1831. Auf Grundlage der Vorarbeiten von Ernst Günther Schmidt und Ekkehard Stärk hrsg. von Christoph Michel. Tübingen 2019;
GHu (Bratranek);-;Goethes Briefwechsel mit den Gebrüdern von Humboldt (1795-1832). Hrsg. von Franz Thomas Bratranek. Leipzig 1876;
GHu;-;Goethes Briefwechsel mit Wilhelm und Alexander von Humboldt. Hrsg. von Ludwig Geiger. Berlin 1909;
Giesen;-;Giesen, Sebastian: "Den Faust, dächt' ich, gäben wir ohne Holzschnitte und Bildwerk". Goethes "Faust" in der europäischen Kunst des 19. Jahrhunderts. Hamburg 1998;
GIlm;-;Voigt, Julius: Goethe und Ilmenau. Leipzig 1912;
GJa;-;Briefwechsel zwischen Goethe und F. H. Jacobi. Hrsg. von Max Jacobi. Leipzig 1846;
GJb;-;Goethe-Jahrbuch. - Jahrbuch der Goethe-Gesellschaft. - Goethe. Vierteljahresschrift der Goethe-Gesellschaft. Neue Folge des Jahrbuchs. - Goethe. Viermonatsschrift der Goethe-Gesellschaft. Neue Folge des Jahrbuchs. - Goethe. Neue Folge des Jahrbuchs der Goethe-Gesellschaft. - Goethe-Jahrbuch. (Die Zählung folgt der Konkordanz, die den GJbb von 1972-1977 beigegeben ist.);
GJb 3 (1882);-;Bibliographie. II. Biographisches. E. Notizen über Goethe. - In: GJb 3 (1882), S. 427-434;
GK;-;Briefwechsel zwischen Goethe und Knebel (1774-1832). Hrsg. von Gottschalk Eduard Guhrauer. Bd. 1-2. Leipzig 1851;
GKL;-;Goethe, Kestner und Lotte. Hrsg. von Eduard Berend. München 1914;
GL;-;Goethe und Lavater. Briefe und Tagebücher. Hrsg. von Heinrich Funck. Weimar 1901;
GM;-;Goethes Briefwechsel mit Heinrich Meyer. Hrsg. von Max Hecker. Bd. 1-4. Weimar 1917-1932;
GMe;-;Goethes Bremer Freund Dr. Nicolaus Meyer. Briefwechsel mit Goethe und dem Weimarer Kreise. Hrsg. von Hans Kasten. Bremen 1926;
GMP;-;Zum 24. Juni 1898. Goethe und Maria Paulowna. Urkunden. Hrsg. im Auftrage des Erbgroßherzogs Wilhelm Ernst von Sachsen. Weimar 1898;
GMu;-;Briefe von Goethes Mutter an ihren Sohn, Christiane und August von Goethe. Hrsg. von Bernhard Suphan. Weimar 1889;
GNe;-;Christian Gottfried Nees von Esenbeck. Briefwechsel mit Johann Wolfgang von Goethe nebst ergänzenden Schreiben. Bearbeitet von Kai Torsten Kanz. Stuttgart 2003;
GNM;-;Goethe-Nationalmuseum Weimar;
GÖ;-;Goethe und Österreich. Briefe mit Erläuterungen. Hrsg. von August Sauer. Bd. 1-2. Weimar 1902-1904;
Göchhs;-;Die Göchhausen. Briefe einer Hofdame aus dem klassischen Weimar. Hrsg. von Werner Deetjen. Berlin 1923;
Göske, in: Jb FDH 1985;-;Göske, Daniel: Der "Musaget" und sein "denkender Maler". Zu einem bisher unbekannten Brief Goethes an den Kölner Maler Joseph Hoffmann. - In: Jahrbuch des Freien Deutschen Hochstifts 1985, S. 21-32;
Goethe in Berlin;-;Goethe in Berlin. Erinnerungsblätter zur Feier seines hundertjährigen Geburtsfestes am 28. August 1849. Hrsg. von Johann Valentin Teichmann. Berlin 1849;
Goethe-Ausstellung Trier;-;Goethe. Erstausgaben. Handschriftliches. Bildliches. Goethe-Schrifttum. Ausstellung zum 200. Geburtstag im Museum der Stadt Trier (Simeonstift) vom 21. August bis 18. September 1949. Trier 1949;
Goetheana;-;Goetheana. A Centenary Portefolio of forty-three Facsimiles and Reproduktions of Unique or Rare Items from the William A. Speck Collection of Goetheana in Yale University Library. New Haven 1932;
Götze, in: GJb 68 (1951);-;Götze, Alfred: Goethe im Urteil der Frau von Staël (nach Briefen). - In: GJb 68 (1951), S. 203-217;
Gothe;-;Gothe, Rosalinde: Ein Brief aus Verona  Friedrich Hildebrand von Einsiedel an Goethe. Mit Erstveröffentlichung des Briefes vom 3. 9. 1788. -  In: Animo italo-tedesco, Studien zu den Italien-Beziehungen in der Kulturgeschichte Thüringens. Hrsg von Siegfried Seifert im Auftrag des Präsidiums der Deutsch-Italienischen Gesellschaft in Thüringen (DIGIT) e. V. Folge 3. Weimar 2000;
Gothe, Unfer Lukoschik;-;Gothe, Rosalinde und Rita Unfer Lukoschik: »Was die Auslagen bezüglich der Italienreise angeht ...«. Fillippo Collina an Goethe, Rom 14. Oktober 1788. - In: Animo Italo-Tedesco: Studien zu den Italien-Beziehungen in der Kulturgeschichte Thüringens. Hrsg. von Siegfried Seifert im Auftrag des Präsidiums der Deutsch-Italienischen Gesellschaft in Thüringen (DIGIT) e. V. Folge 4. Weimar 2005, S. 59-72;
GPr;-;Scheidig, Walter: Goethes Preisaufgaben für bildende Künstler 1799-1805. Weimar 1958;
GR;-;Goethe und die Romantik. Briefe mit Erläuterungen. Hrsg. von Carl Schüddekopf und Oskar Walzel. Bd. 1-2. Weimar 1898f.;
Gräf, in: GJb 17 (1896);-;Gräf, Hans Gerhard: Zwei Briefe von Johann Heinrich Voß an Goethe. - In: GJb 17 (1896), S. 58-61;
Gräf, in: GJb 18 (1897);-;Gräf, Hans Gerhard: Drei Briefe von Johann Heinrich Voss d. J. an Goethe. - In: GJb 18 (1897), S. 69-76;
Gräf, in: GJb 40 (1919);-;Gräf, Hans Gerhard: Findlinge aus der klassischen Zeit Weimars-Jenas (I). - In: GJb 40 (1919), S. 243-251;
Gräf, in: GJb 41 (1920);-;Gräf, Hans Gerhard: Nachträge zu Goethes Briefen. - In: GJb 41 (1920), S. 231-239;
Graewe;-;Graewe, Richard: Carl Gottlieb Horstig 1763-1835. Das Lebensbild eines vielseitigen Genies aus Goethes Freundeskreis. Hildesheim 1974;
Grave;-;Grave, Johannes: Der »ideale Kunstkörper«. Johann Wolfgang von Goethe als Sammler von Druckgraphiken und Zeichnungen. Göttingen 2006;
GRe;-;Goethe und Reinhard. Briefwechsel in den Jahren 1807-1832. Mit einer Vorrede des Kanzlers Friedrich von Müller. Wiesbaden 1957;
GRei;-;J. F. Reichardt - J.W. Goethe: Briefwechsel. Hrsg. und kommentiert von Volkmar Braunbehrens, Gabriele Busch-Salmen, Walter Salmen. Weimar 2002;
Gries;-;Aus dem Leben von Johann Diederich Gries. Nach seinen eigenen und den Briefen seiner Zeitgenossen. Als Handschrift gedruckt. Leipzig 1855;
GRo;-;Goethes Briefwechsel mit Friedrich Rochlitz. Hrsg. von Woldemar Freiherr v. Biedermann. Leipzig 1887;
GRu;-;Philipp Otto Runges Briefwechsel mit Goethe. Hrsg. von Hellmuth Freiherr v. Maltzahn. Weimar 1940;
Grupe, in: GJb 79 (1962);-;Grupe, Walter: Goethes Sekretär Ernst Karl John. Sein Bild in der Forschung und bei Thomas Mann. - In: GJb 79 (1962), S. 202-223;
GS;-;Goethes Briefe an Charlotte von Stein. Hrsg. von Jonas Fränkel. Bd. 1-3. Berlin 1960-1962;
GSA;Institution;Goethe- und Schiller-Archiv Weimar;
GSa;-;Goethes Briefwechsel mit Georg und Caroline Sartorius (1801-1825). Hrsg. von Else v. Monroy. Weimar 1931;
GSchl;-;August Wilhelm und Friedrich Schlegel im Briefwechsel mit Schiller und Goethe. Hrsg. von Josef Körner und Ernst Wieneke. Leipzig [1926];
GSchu;-;Briefwechsel zwischen Goethe und Staatsrat Schultz. Hrsg. von Heinrich Düntzer. Leipzig 1853;
GT;-;Johann Wolfgang Goethe. Tagebücher. Historisch-kritische Ausgabe. Im Auftrag der Klassik Stiftung Weimar hrsg. vom Goethe- und Schiller-Archiv. (bisher erschienen) Bd. I-VIII. Stuttgart, Weimar 1998- 2015;
GTr;-;Herrmann, Walther: Goethe und Trebra. Freundschaft und Austausch zwischen Weimar und Freiberg. Berlin 1955;
GTi;-;Öttingen, Wolfgang v.: Goethe und Tischbein. Weimar 1910;
GU;-;Biedermann, Flodoard Freiherr v.: Johann Friedrich Unger im Verkehr mit Goethe und Schiller. Briefe und Nachrichten. Berlin 1927;
Güntter, in: Marbacher Schillerbuch 3 (1909);-;Güntter, Otto: Briefe an Schiller. - In: Marbacher Schillerbuch 3 (1909), S. 12-36;
GUw;-;Goethe und Uwarow und ihr Briefwechsel. Mit Erläuterungen von Georg Schmid. St. Petersburg 1888;
GV;-;Goethes Briefwechsel mit Christian Gottlob Voigt. Hrsg. von Hans Tümmler. Bd. 1-4. Weimar 1949-1962;
GW;-;Marianne und Johann Jakob Willemer. Briefwechsel mit Goethe. Dokumente, Lebenschronik, Erläuterungen. Hrsg. von Hans-Joachim Weitz. Frankfurt am Main 1965;
GWJ;-;Keil, Richard: Goethe, Weimar und Jena im Jahre 1806. Nach Goethes Privatakten. Leipzig 1882;
GZ (Riemer);-;Briefwechsel zwischen Goethe und Zelter in den Jahren 1796 bis 1832. Hrsg. von Friedrich Wilhelm Riemer. Bd. 1-6. Berlin 1833f.;
GZ;-;Der Briefwechsel zwischen Goethe und Zelter. Hrsg. von Max Hecker. Bd. 1-3. Leipzig 1913-1918;
GZie;-;Goethe und Sylvie. Briefe, Gedichte, Zeugnisse. Gesammelt und hrsg. von Paul Raabe. Stuttgart 1961;
HA;-;Hamburger Ausgabe;
Haage;-;Haage, Johannes: Heinrich Luden. Seine Persönlichkeit und seine Geschichtsauffassung. Leipzig 1930;
Haberhauer, in: Regia Wimpina;-;Haberhauer, Günther: Ein Brief aus Wimpfen an Goethe. - In: Regia Wimpina. Beiträge zur Wimpfener Geschichte. Bd. 6. Bad Wimpfen 1989, S. 78 bis 85;
Hackert;-;"Miller, Norbert und Claudia Nordhoff; mit Beiträgen von Claude Keisch und Gisela Maul: Lehrreiche Nähe. Goethe und Hackert. München, Wien 1997";
Härtl, in: GJb 96 (1979);-;Härtl, Heinz: Ein Brief Arnims an Goethe 1811. - In: GJb 96 (1979), S. 192-205;
Haese, in: Pommern 1 (1997);-;Haese, Klaus: Wilhelm Titel - der Vermittler des Hackertschen Nachlasses an Goethe. - In: Pommern. Kultur und Geschichte 1997, Heft 1, S. 8-13;
Harnack, in: GJb 16 (1895);-;Harnack, Otto: Zwei Briefe von Goethe und einer von Caroline von Humboldt. - In: GJb 16 (1895), S. 43-51;
Haubelt, in: Dějiny věd a techniky 3 (1975);-;Haubelt, Josef: K počátkům Společnosti pro báňské vědy (Trebra Goethovi z Allstedtu koncem srpna 1784). - In: Dějiny věd a techniky 3 (1975), S. 160-166;
Hebel, in: Zeitschr. f. d. gesamte Versicherungswiss. 50 (1961);-;Hebel, Karl: Goethe und die Nürnberger Tontine von 1783. - In: Zeitschrift für die gesamte Versicherungswissenschaft 50 (1961), S. 373-394;
Hecht;-;Hecht, Christian: Dichtergedächtnis und fürstliche Repräsentation. Der Westflügel des Weimarer Residenzschlosses. Architektur und Ausstattung. Ostfildern-Ruit 2000;
Hecker, in: DR 58 (1931);-;Hecker, Max: Verlorenes Leben. - In: Deutsche Rundschau 58 (1931), S. 35-46, 131-141, 225-232;
Hecker, in: Festschrift Leitzmann;-;Hecker, Max: Goethe und Schiller in ärztlicher Behandlung. - In: Festschrift für Albert Leitzmann. Hrsg. von Ernst Vincent und Karl Wesle. Jena 1937, S. 33-65;
Hecker, in: GJb 22 (1901);-;Hecker, Max: Goethe und Carl Friedrich von Conta. Neununddreißig Briefe von Goethe an von Conta, fünfzehn Briefe von Contas an Goethe. - In: GJb 22 (1901), S. 19-73;
Hecker, in: GJb 25 (1904);-;Hecker, Max: Goethe und Gries. - In: GJb 25 (1904),S. 220-223;
Hecker, in: GJb 44 (1924);-;Hecker, Max: Goethe und Seebeck. Dreißig unbekannte Briefe Goethes. - In: GJb 44 (1924), S. 163-189;
Hecker, in: GJb 45 (1925);-;Hecker, Max: Die Briefe Johann Friedrich Reichardts an Goethe. - In: GJb 45 (1925), S. 197-252;
Hecker, in: GJb 45 (1925);-;Hecker, Max: Vier unbekannte Briefe des Malers Peter Cornelius an Goethe. - In: GJb 45 (1925), S. 185-196;
Hecker, in: GJb 46 (1926);-;Hecker, Max: Schriftstellernde jenaische Studenten. II. Johann Michael Rinne. - In: GJb 46 (1926), S. 203-210;
Hecker, in: GJb 47 (1927);-;Hecker, Max: Ferdinand Heinke in Weimar. - In: GJb 47 (1927), S. 251-306;
Hecker, in: GJb 49 (1929);-;Hecker, Max: Aus der Frühzeit der Germanistik. Die Briefe Johann Gustav Büschings und Friedrich Heinrich von der Hagens an Goethe. - In: GJb 49 (1929) S. 100-179;
Hecker, in: GJb 49 (1929);-;Hecker, Max: Der Romantiker Graf Loeben als Goetheverehrer. - In: GJb 49 (1929), S. 69-79;
Hecker, in: GJb 55 (1935);-;Goetheverehrung der Goethezeit. - In: GJb 55 (1935), S. 152-199;
Hecker, in: GJb 56 (1936);-;Hecker, Max: Neue Goethebriefe. - In: GJb 56 (1936), S. 128-140;
Hecker, in: GJb 61 (1941);-;Hecker, Max: Goethe und Fritz Jacobi. Achtunddreißig Briefe Jacobis an Goethe. - In: GJb 61 (1941), S. 32-69;
Hecker, in: GJb 62 (1942);-;Hecker, Max: Goethe und Fritz Jacobi. Achtunddreißig Briefe Jacobis an Goethe. - In: GJb 62 (1942), S. 41-69, 281-309;
Hecker, in: GJb 63 (1943);-;Hecker, Max: Goethe und Fritz Jacobi. Achtunddreißig Briefe Jacobis an Goethe. - In: GJb 63 (1943), S. 57-86;
Hecker, in: GJb 63 (1943);-;Hecker, Max: Um einen Goethischen Vierzeiler. - In: GJb 63 (1943), S. 306-314;
Hegel;-;Briefe von und an Hegel. Hrsg. von Johannes Hoffmeister und Friedhelm Nicolin. Bd. 1-4. Berlin 1970-1982;
Heid Jbb;-;Heidelbergische Jahrbücher der Literatur. Heidelberg 1808-1872;
Heid Tb;-;Heidelbergisches Taschenbuch, ab 1810 Heidelberger Taschenbuch. Mannheim 1809-1811, Tübingen 1812;
Heidler;-;Heidler: Gisbert: Karl Josef Heidler 1792 - 1866: sein Leben und Werk für Marienbad. Eine Studie zur Jahrtausendwende über den ersten Brunnenarzt zu Marienbad. Brno 1999;
Heilsberg;-;Hammer, Joseph von: Die Inschrift von Heilsberg. Mit einem Nachwort von J. W. von Goethe. Weimar 1818;
Heimatblätter 1933;-;Die Reußischen Sammlungen in Köstritz. - In: Heimatblätter. Hrsg. vom Bund Heimatschutz Landesverein Reuß u. a. Gera 1933, S. 23f.;
Heimgarten;-;Schmid, Egon: Ein Ausstattungsfestspiel Goethes. Unveröffentlichte Briefe Ifflands an Goethe. - In: Der Heimgarten. Wochenschrift der "Bayerischen Staatszeitung" 1929, Nr. 33, S. 254f.;
Helbok;-;Helbok, Claudia: Miss Angel. Angelica Kauffmann - Eine Biographie. Wien 1968;
Hellen, in: GJb 13 (1892);-;Hellen, Eduard von der: Briefe von Charlotte von Kalb an Goethe. - In: GJb 13 (1892), S. 41-79;
Hellermann;-;Hellermann, Dorothee von: Gerhard von Kügelgen (1772 - 1820). Das zeichnerische und malerische Werk. Berlin 2001;
Hempel;-;Johann Wolfgang von Goethe. Werke. Nach den vorzüglichsten Quellen revidierte Ausgabe. Hrsg. von Woldemar v. Biedermann u. a. Bd. 1-33. (Hempel-Ausgabe) Berlin 1868-1879;
Herder Briefe;-;Johann Gottfried Herder. Briefe. 1763-1803. Bearbeitet von Wilhelm Dobbek und Günter Arnold. Bd. 1-18. Weimar 1977-2016;
Herders Werke;-;Johann Gottfried Herder. Sämtliche Werke. Hrsg. von Bernhard Suphan. Bd. 1-33. Berlin 1877-1913;
Herrmann;-;Herrmann, Johann: Friedrich Ast als Neuhumanist. Berlin 1912;
Herting;-;Herting, Johannes: Karl Wigand Maximilian Jacobi, ein deutscher Arzt (1775-1858). Ein Lebensbild nach Briefen und anderen Quellen. Görlitz 1930;
Heß;-;Heß, David: Johann Kaspar Schweizer. Ein Charakterbild aus dem Zeitalter der französischen Revolution. Eingeleitet und herausgegeben von Jakob Baechtold. Berlin 1884;
Hettner, in: DR 2 (1875);-;Hettner, Hermann: Briefe Goethes an K. E. Schubarth. - In: Deutsche Rundschau 2 (1875) 1, S. 23-40;
Hirzel, in: Neue Schweizer Rundschau 1 (1933);-;Hirzel, Bruno: Ein unbekannter Brief Lavaters an Goethe. - In: Neue Schweizer Rundschau 1 (1933), S. 496-499;
Hirzel, in: Vjs. f. Lit.gesch. 3 (1890);-;Hirzel, Ludwig: Briefe des Herzogs Carl August an Karl Ferdinand von Sinner in Bern. - In: Vierteljahresschrift für Literaturgeschichte 3 (1890), S. 113-128;
Höfer, in: Jb Sa Kipp 2 (1922);-;Höfer, Konrad: Neue Goethebriefe. - In: Jahrbuch der Sammlung Kippenberg 2 (1922), S. 5-15;
Hölderlin-Gesamtausgabe;-;Friedrich Hölderlin. Sämtliche Werke. Hrsg. von Friedrich Beißner. (Große Stuttgarter Ausgabe). Bd. 1ff. Stuttgart 1943ff.;
Hölter, in: GJb 109 (1992);-;Hölter, Achim: Goethe, Meyer und der Kunsthistoriker Johann Dominik Fiorillo. - In: GJb 109 (1992), S. 115-130;
Hoffmann, in: GJb 66 (1949);-;Hoffmann, Arthur: Goethe und der werktätige Mensch. - In: GJb 66 (1949), S. 205-248;
Hohlfeld;-;Hohlfeld, Alexander Rudolf: Karl Ernst Schubarth und die Anfänge der Fausterklärung. - In: Internationale Forschungen zur deutschen Literaturgeschichte. Julius Petersen zum 60. Geburtstag, S. 101-126. Leipzig 1938;
Holtei, Briefe;-;Holtei, Karl von: Dreihundert Briefe aus zwei Jahrhunderten. Bd. 1-2. Neuauflage. Bern 1971;
Hübner;-;Hübner, Rolf: Goethes Zeitschrift "Über Kunst und Altertum". Untersuchung und Erschließung. Diss. Weimar 1968;
Huschke;-;Huschke, Wolfgang: Aus dem klassischen Weimar. Menschen und Begebenheiten im Spiegel neuer Quellenzeugnisse. - In: Geistiger Umgang mit der Vergangenheit. Studien zur Kultur- und Staatengeschichte. Stuttgart 1962, S. 120-142;
Huschke, in: Genealogie 1962;-;Huschke, Wolfgang: Herkunft und Schicksale des Geschlechts der Freiherren von Brenn. - In: Genealogie 1962, S. 105-144;
Hyperion;-;Goethes Briefwechsel mit Christian von Mannlich und ein Brief der Frau von Stein. - In: Hyperion 1 (1908) S. 131-153;
IB;Abkürzung;Intelligenzblatt;-
Immermann;-;Karl Leberecht Immermann. Briefe. Textkritische und kommentierte Ausgabe in drei Bänden. Hrsg. v. Peter Hasubeck. Bd. 1-3. München 1978-1987;
Jacobi;-;Friedrich Heinrich Jacobi. Briefwechsel. Gesamtausgabe. Hrsg. von Walter Jaeschke und Birgit Sandkaulen. (bisher erschienen) Reihe I: Text. Bd. 1- 12. Reihe II: Kommentar. Bd. 1-5 und 9. Stuttgart-Bad Cannstatt 1981-2018;
Jagemann;-;Die Erinnerungen der Karoline Jagemann. Nebst zahlreichen unveröffentlichten Dokumenten aus der Goethezeit. Hrsg. von Eduard von Bamberg. Dresden 1926;
Jagemann, Selbstinszenierungen;-;Selbstinszenierungen im klassischen Weimar: Caroline Jagemann. Bd. 1-2. Hrsg. und untersucht von Ruth B. Emde, kommentiert in Zusammenarbeit mit Achim von Heygendorff. Göttingen 2004;
JALZ;-;"Jenaische Allgemeine Literaturzeitung; Intelligenzblatt und Ergänzungsblätter. Redaktion Heinrich Karl Abraham Eichstädt. Jena 1804-1841";
Jamme, in: Hegel-Studien 13 (1978);-;Jamme, Christoph: Sinclairs Briefe an Hegel 1806/07. - In: Hegel-Studien 13 (1978), S. 17-52;
Jb FDH 1986;-;Freies Deutsches Hochstift. Jahresbericht. - In: Jahrbuch des Freien Deutschen Hochstifts 1986, S. 334-386;
Jean Paul;-;Die Briefe Jean Pauls. Hrsg. von Eduard Berend. Bd. 1-4. München 1922-1926;
Jericke, Dolgner;-;Jericke, Alfred und Dieter Dolgner: Der Klassizismus in der Baugeschichte Weimars. Weimar 1975;
JHM Br;-;Johann Heinrich Merck. Briefe an die Herzogin Mutter Anna Amalia und an den Herzog Carl August von Sachsen-Weimar. Hrsg. von Hans Gerhard Gräf. Leipzig 1911;
John;-;John, Timo: Adam Friedrich Oeser (1717-1799). Studie über einen Künstler der Empfindsamkeit. Bucha 2001;
Joost, Zehe, in: Lichtenberg-Jb. 1988;-;"... seyn Sie so gütig und nehmen den bösen Willen zu schaden für die That an." Lichtenbergs Kritik am "Versuch einer neuen Theorie des Feuers" von Johann Heinrich Voigt. - In: Lichtenberg-Jahrbuch 1988, Hrsg. im Auftrag der Lichtenberg-Gesellschaft von Wolgang Promies und Ulrich Joost, S. 40-72 Saarbrücken 1989;
Joret, in: Revue germanique 3 (1907);-;Joret, Charles: Un professeur a l'institute du Belvédère Auguste Duvau. - In: Revue germanique 3 (1907), S. 501-559;
JSchop;-;Damals in Weimar! Erinnerungen und Briefe von und an Johanna Schopenhauer. Hrsg. von Heinrich Hubert Houben. Leipzig 1924;
Jung, in: GJb 13 (1892);-;Jung, Rudolf: Goethes Ausscheiden aus dem Frankfurter Bürgerverbande. - In: GJb 13 (1892), S. 211 bis 220;
Kästner;-;Kästner, Ingrid: Goethes Mitwirkung bei der Besetzung akademischer Position in Rußland.- In: Internationale Zeitschrift für Geschichte und Ethik der Naturwissenschaften, Technik und Medizin 2001, Nr. 9, S. 105-117;
Karsch-Gleim;-;"Mein Bruder in Apoll". Briefwechsel zwischen Anna Louisa Karsch und Johann Wilhelm Ludwig Gleim. Hrsg. von Regina Nörtemann. Bd. 1-2. Göttingen 1996;
Kasten;-;Johann Wolfgang von Goethe. Sammlung Ernst und Theone Kellner. Hrsg. von Hans Kasten. Bremen 1932;
Katalog Bassenge 20 (1972);-;Auktion. Galerie Gerda Bassenge. Berlin 1972;
Katalog Bertling 36 (1900);-;Lagerkatalog von Richard Bertling in Dresden. Nr. 36. Autographen. Dresden 1900;
Katalog Boerner 92 (1908);-;Katalog einer kostbaren Autographensammlung aus Wiener Privatbesitz. C. G. Boerner. Leipzig 1908;
Katalog Boerner 95 (1909);-;Bibliothek Hewett (Ithaka, N. Y.). Deutsche Literatur. Silhouetten, Autographen, Stammbücher. C. G. Boerner. Leipzig 1909;
Katalog Gerd Rosen 34 (1960);-;Auktion 34. Gerd Rosen Auktionen. Berlin 1960;
Katalog Gilhofer ^& Ranschburg 74;-;Autographen berühmter Persönlichkeiten des 15.- 19. Jahrhunderts. Antiquariat Gilhofer ^& Ranschburg. Wien o. J.;
Katalog Graupe 106 (1933);-;Die Sammlung Leo Nathanson -  Dresden. Goethe und sein Kreis. Auktion 106. Paul Graupe. Berlin 1933;
Katalog Halle 39;-;Autographen. Katalog 39. Antiquariat J. Halle. München o. J.;
Katalog Henrici 14 (1913);-;Briefe von und an Goethe. Auktionskatalog 14. Karl Ernst Henrici. Berlin 1913;
Katalog Henrici 46 (1918);-;Autographen. Versteigerung 46. Im Auftrage von Karl Ernst Henrici. Berlin 1918;
Katalog Henrici 50 (1919);-;Autographen. Versteigerung 50. Im Auftrage von Karl Ernst Henrici. Berlin 1919;
Katalog Henrici 63 (1920);-;Goethe und der Weimarer Kreis in Bild und Schrift. Versteigerung 63. Karl Ernst Henrici. Berlin 1920;
Katalog Henrici 73 (1921);-;Autographensammlung Dr. Kilian von Steiner. Versteigerung 73. Karl Ernst Henrici. Berlin 1921;
Katalog Henrici 75 (1922);-;Autographen. Versteigerung 75. Karl Ernst Henrici. Berlin 1922;
Katalog Henrici 100 (1925);-;Sammlung Egelund u. a. m. historische Autographen insbesondere aus der Zeit des dreißigjährigen Krieges. Versteigerung 100 im Auftrage der Firma Karl Ernst Henrici. Berlin 1925;
Katalog Henrici 110 (1926);-;Von Luther bis Werfel. Autographen aus Literatur und Wissenschaft. Auktionskatalog 110. Karl Ernst Henrici. Berlin 1926;
Katalog Henrici 120 (1927);-;Autographen. Literatur und Wissenschaft. Goethe und Schiller. Musik und Kunst. Geschichte und Politik. Versteigerung 120. Karl Ernst Henrici. Berlin 1927;
Katalog Henrici 132 (1928);-;Autographen. Musik und Kunst, Goethe und seine Zeit, Literatur und Wissenschaft. Versteigerung 132. Karl Ernst Henrici. Berlin 1928;
Katalog Liepmannssohn 35 (1905);-;Autographen. 35. Versteigerung. Antiquariat Leo Liepmannssohn. Berlin 1905;
Katalog Liepmannssohn 36 (1906);-;Autographenkatalog 36. Antiquariat Leo Liepmannssohn. Berlin 1906;
Katalog Liepmannssohn 63 (1932);-;Autographen. Versteigerungskatalog 63. Antiquariat Leo Liepmannssohn. Berlin 1932;
Katalog Liepmannssohn 64 (1934);-;Autographen. Versteigerungskatalog 64. Antiquariat Leo Liepmannssohn. Berlin 1934;
Katalog Liepmannssohn 174;-;Musiker-Autographen. Katalog 174. Antiquariat Leo Liepmannssohn. Berlin o. J.;
Katalog Liepmannssohn 180;-;Autographen. Katalog 180. Antiquariat Leo Liepmannssohn. Berlin o. J.;
Katalog Liepmannssohn 219;-;Autographen deutscher Schriftsteller. Katalog 219. Antiquariat Leo Liepmannssohn. Berlin o. J.;
Katalog Liepmannssohn 225;-;Autographen. Katalog 225. Antiquariat Leo Liepmannssohn. Berlin o. J.;
Katalog Meyer ^& Ernst 13 (1931);-;Autographen von Musikern, bildenden Künstlern, Schlagerkomponisten, Schauspielern und Sängern. Lagerkatalog 13. Hellmut Meyer ^& Ernst. Berlin 1931;
Katalog Meyer ^& Ernst 22 (1932);-;Epistula. Lagerkatalog 22. Hellmut Meyer ^& Ernst. Berlin 1932;
Katalog Meyer ^& Ernst 35 (1933);-;Theodor Fontane, August von Kotzebue. Zwei deutsche Dichternachlässe. Manuskripte und Briefe sowie ausgewählte Autographen. Katalog 35. Hellmut Meyer ^& Ernst. Berlin 1933;
Katalog Moirandat 26 (2011);-;"Hochepot". Autographen des 17. bis 20. Jahrhunderts aus allen Gebieten. Katalog 26. Moirandat Company AG. Basel 2011;
Katalog Sa Kipp;-;Katalog der Sammlung Kippenberg. Bd. 1-2 und Registerbd. Leipzig 1928;
Katalog Stargardt 218 (1903);-;Autographen und Urkunden. Lagerkatalog 218 von J. A. Stargardt. Berlin 1903;
Katalog Stargardt 376 (1936);-;Der Autographen-Sammler. Katalogfolge des Hauses J. A. Stargardt. 376. Berlin 1936;
Katalog Stargardt 435 (1939);-;Der Autographen-Sammler. Katalog 435. J. A. Stargardt. Berlin 1939;
Katalog Stargardt 494 (1951);-;Der Autographen-Sammler. Neue Folge 1 (1951). J. A. Stargardt. Berlin 1951;
Katalog Stargardt 601 (1973);-;Autographen aus allen Gebieten. Katalog 601. J. A. Stargardt. Marburg 1973;
Katalog Stargardt 609 (1976);-;Autographen aus allen Gebieten. Katalog 609. J. A. Stargardt. Marburg 1976;
Katalog Stargardt 617 (1979);-;Autographen aus allen Gebieten. Katalog 617. J. A. Stargardt. Marburg 1979;
Katalog Stargardt 630 (1983);-;Autographen aus allen Gebieten. Katalog 630. J. A. Stargardt. Marburg 1983;
Katalog Stargardt 650 (1991);-;Auktion Sammlung Prof. Herbert Albrecht am 10. und 11. Mai 1991 in Basel. J. A. Stargardt. Marburg 1991;
Katalog Stargardt 652 (1992);-;Autographen aus drei alten Schweizer Sammlungen. Auktion in Basel von J. A. Stargardt. Katalog 652. Basel 1992;
Katalog Stargardt 1905;-;Die Autographen-Sammlung Alexander Meyer Cohns. Teil 1. J. A. Stargardt. Berlin 1905;
Katalog Tenner 78 (1970);-;Handschriftenautographen. Wertvolle Bücher. Auktion 78. Antiquariat Dr. Helmut Tenner. Heidelberg 1978;
Kauffmann;-;Angelika Kauffmann. "Mir träumte vor ein paar Nächten, ich hätte Briefe von Ihnen empfangen". Gesammelte Briefe in den Originalsprachen. Hrsg., kommentiert und mit einem Nachwort versehen von Waltraud Maierhofer. Lengwil 2001;
Kaufmann, Verein;-;Kaufmann, Sylke und Dieter Kaufmann: Goethe, der Thüringisch-Sächsische Verein und die Entwicklung der Altertumskunde in den Jahrzehnten nach 1800. Langenweißbach 2001;
Kekulé von Stradonitz, in: GJb 19 (1898);-;Kekulé von Stradonitz, Reinhard: Goethe und Welcker. - In: GJb 19 (1918), S. 186 - 201;
Kießmann, in: GJb 39 (1918);-;Kießmann, Rudolph: Leopold Friedrich Franz von Dessau und seine Beziehungen zu Goethe. - In: GJb 39 (1918), S. 40-55;
Kippenberg, in: Düring'sches Familienblatt 3 (1921);-;Kippenberg, Anton: Goethes Briefwechsel mit Oberjägermeister Johann Christian von Düring. - In: v. Düring'sches Familienblatt 3 (1921), S. 69-72;
Kippenberg, in: Jb Sa Kipp 4 (1924);-;Kippenberg, Anton: Ein Brief Abraham Mendelssohns an Zelter über Goethe. Mit Abdruck des Briefwechsels zwischen Abraham Mendelssohn und Goethe 1821 - 1827. - In: Jahrbuch der Sammlung Kippenberg 4 (1924), S. 72 - 91;
Klauß;-;Klauß, Jochen: Die Medaillensammlung Goethes. Deutsche Gesellschaft für Medaillenkunst und Goethe-Nationalmuseum der Stiftung Weimarer Klassik. Bd. 1-2. Berlin 2000;
Kleist, Werke;-;Heinrich von Kleist. Werke und Briefe. Hrsg. von Siegfried Streller. Bd. 1-4. Berlin, Weimar 1978;
Klinckowstroem, in: GJb 42 (1921);-;Klinckowstroem, Karl v.: Goethe und Ritter. - In: GJb 42 (1921), S. 135-151;
Klinger;-;Rieger, Max: Briefbuch zu Friedrich Maximilian Klinger. Sein Leben und Werke II. Darmstadt 1896;
Kloocke, in: Jb FDH (1976);-;Kloocke, Kurt und Kurt Hiller: Dokumente der Goethezeit aus französischen Bibliotheken. Briefe von Goethe, Herzog Carl August, Schiller, Charlotte von Schiller, Wieland, Herder sowie ein Testat von Kant und ein Fragment aus Schillers Phädra-Übersetzung. - In: Jahrbuch des Freien Deutschen Hochstifts 1976, S. 27-49;
Klopstocks Oden;-;Klopstock, Friedrich Gottlob: Oden. Hrsg. von Franz Muncker und Jaro Pawel. Bd. 1-2. Stuttgart 1889;
KM;-;Kanzler von Müller. Unterhaltungen mit Goethe. Kritische Ausgabe besorgt von Ernst Grumach. Weimar 1956;
Knebels lit. Nachlaß;-;K. L. von Knebels literarischer Nachlaß und Briefwechsel. Hrsg. von Karl August Varnhagen von Ense und Theodor Mundt. Bd. 1-3. Leipzig 1835;
Kniep 2;-;Striehl, Georg: Der Zeichner Christoph Heinrich Kniep (1755-1825). Landschaftsauffassung und Antikenrezeption. Hildesheim 1998;
Kniep;-;Striehl, Georg: Christoph Heinrich Kniep - Zeichner an Goethes Seite. Zwischen Klassizismus, Realismus und Romantik. Hrsg. von Manfred Boetzkes. Hildesheim 1992;
Knittermeyer;-;Unbekannte Briefe und Urkunden aus dem Goethekreis. Aus dem Nachlaß Johann Michael Färbers. Hrsg. von Hinrich Knittermeyer. Bremen 1935 (Abhandlungen und Vorträge. Hrsg. von der Bremer Wissenschaftlichen Gesellschaft);
Koch, in: GJb 81 (1964);-;Koch, Herbert: Ludwig Heß, ein Kupferstecher der Goethezeit. - In: GJb 81 (1964), S. 308 - 318;
Koch, in: Wiss. Zeitschr. Universität Jena. Gesellschaftswiss. Reihe 2 (1952/53);-;Koch, Herbert: Goethes Hilfstätigkeit nach dem Saalehochwasser 1784. Mit unveröffentlichten Goethe-Schreiben. - In: Wissenschaftliche Zeitschrift der Friedrich-Schiller-Universität Jena. Gesellschafts- und Sprachwissenschaftliche Reihe 2 (1952/53), H. 1, S. 99-102;
Koch, in: Wiss. Zeitschr. Universität Jena. Gesellschaftswiss. Reihe 4 (1954/55);-;Koch, Herbert: Johanna Susanna Bohl, eine Dichterin des Goethekreises. - In: Wissenschaftliche Zeitschrift der Friedrich-Schiller-Universität Jena. Gesellschafts- und Sprachwissenschaftliche Reihe 4 (1954/55), H. 5/6, S. 515-529;
Köger;-;Köger, Anette: Antonio Isopi (1758-1833). Ein römischer Bildhauer am württembergischen Hof. Teil 1-2. Frankfurt u. a. 1996;
Köppe;-;Köppe, Hans: Abraham Jakob Penzels Lebensirrfahrten. Eine Menschen- und Kulturtragödie aus dem 18. Jahrhundert. Leipzig 1936;
Körner, in: Chr WGV 43 (1938);-;Körner, Josef: Ein neuentdecktes Stück aus dem Briefwechsel zwischen Goethe und Schiller. - In: Chronik des Wiener Goethevereins 43 (1938), S. 24-26;
Körner, in: Germanisch-Romanische Monatsschrift 8 (1920);-;Körner, Josef: Zu Goethes Briefen. - In: Germanisch-Romanische Monatsschrift 8 (1920), S. 372-374;
Kovalevski;-;Kovalevski, Bärbel: Louise Seidler (1786-1866). Goethes geschätzte Malerin. Berlin 2006;
Kraukling, in: Johannes-Album, Teil 2;-;Kraukling, Karl Konstantin: Goethe an Karl Kaaz. - In: Johannes-Album. Dichtung und Prosa in Originalbeiträgen verschiedener Verfasser. Hrsg. von Friedrich Müller. Chemnitz 1857. Teil 2, S. 399f.;
Kraus;-;Kraus, Hans-Christof: Theodor Anton Heinrich Schmalz (1760-1831). Jurisprudenz, Universitätspolitik und Publizistik im Spannungsfeld von Revolution und Restauration. Frankfurt 1999;
Kretschman, in: GJb 13 (1892);-;Kretschman, Lily von: Briefwechsel zwischen Goethe und Minister von Gersdorff. Mit politischen Berichten des Letzteren. - In: GJb 13 (1892), S. 98-117;
LA;-;Goethe. Die Schriften zur Naturwissenschaft. Vollständige mit Erläuterungen versehene Ausgabe im Auftrage der Deutschen Akademie der Naturforscher Leopoldina begründet von K. Lothar Wolf und Wilhelm Troll, hrsg. von Dorothea Kuhn, Wolf von Engelhardt, (seit 2005) Irmgard Müller und (seit 2012) Friedrich Steinle. I. Abt.: Texte. Bd. 1-11. II. Abt.: Ergänzungen und Erläuterungen. Bd. 1A-10B. III. Abt.: Verzeichnisse und Register. Bd. 1-2. Weimar 1947-2019 (Leopoldina);
Larsen, in: Musik am Rudolstädter Hof;-;Larsen, Peter: Traugott Maximilian Eberwein - Komponist und Rudolstädter Hofkapellmeister der Goethezeit. - In: Musik am Rudolstädter Hof. Die Entwicklung der Hofkapelle vom 17. Jahrhundert bis zum Beginn des 20. Jahrhunderts. Rudolstadt 1997, S. 179-208;
LB;-;Georg Christoph Lichtenberg. Briefwechsel. Im Auftrag der Akademie der Wissenschaften zu Göttingen unter Mitwirkung von Julia Hoffmann hrsg. von Ulrich Joost und Albrecht Schöne. Bd. 4: 1793-1799 und Undatiertes. München 1992;
Lehr;-;Lehr, Fritz Herbert: Die Blütezeit romantischer Bildkunst. Franz Pforr der Meister des Lukasbundes. Marburg 1924;
Leitzmann, in: GJb 17 (1896);-;Leitzmann, Albert: Briefwechsel zwischen Brinckmann und Goethe. Nebst einem Briefe Brinckmanns an Karoline von Wolzogen. - In: GJb 17 (1896), S. 30-45;
Leitzmann, in: HZ 152 (1935);-;Leitzmann, Albert: Goethes Beziehungen zu Johannes von Müller. - In: Historische Zeitschrift 152 (1935), S. 481-518;
Leitzmann, Quellen;-;Die Quellen von Schillers und Goethes Balladen. Zusammengestellt von Albert Leitzmann. Bonn 1911;
Lichtenberg;-;Georg Christoph Lichtenberg. Schriften und Briefe. Hrsg. von Wolfgang Promies. Bd. 1-4. München 1967-1972;
Linker;-;Linker, B. M.: Die Freiherren von Linker und Lützenwick und von Lyncker in Thüringen. Mindelheim 2005;
Literarische Zustände und Zeitgenossen;-;Literarische Zustände und Zeitgenossen. In Schilderungen aus Karl August Böttigers handschriftlichem Nachlasse. Hrsg. von Karl Wilhelm Böttiger. Bd. 1-2. Leipzig 1838;
LK Meyer ^& Ernst 1955/56;-;Goethe und seine Zeit. Lagerkatalog 104. Autographen. Berlin 1955/56;
Loeper, in: GJb 8 (1887);-;Loeper, Gustav von: Zu Goethes Gedichten "Trilogie der Leidenschaft". - In: GJb 8 (1887), S. 165-186;
Lohbauer;-;Walter, Karl: Karl von Lohbauer (1777-1809). Stuttgart 1939;
LATh - HStA Weimar;Institution;Landesarchiv Thüringen - Hauptstaatsarchiv Weimar;
LATh - StA Gotha;Institution;Landesarchiv Thüringen - Staatsarchiv Gotha;
LATh - StA Rudolstadt;Institution;Landesarchiv Thüringen - Staatsarchiv Rudolstadt;
Luck;-;Einige Blätter der Erinnerung. Gesammelt und herausgegeben aus dem Nachlaß des Majors Friedrich von Luck. Berlin 1845;
Ludwig, in: GJb 131 (2014);-;Ludwig, Ariane: Eine bisher unbekannte poetische Antwort auf Goethes "West-östlicher Divan"? Nachtrag zu einer Miszelle aus dem Jahr 1964. - In: GJb 131 (2014), S. 183 - 188 ;
Lütkehaus;-;Arthur Schopenhauer. Der Briefwechsel mit Goethe und andere Dokumente zur Farbenlehre. Hrsg. und mit einem Essay von Ludger Lütkehaus. Zürich 1992;
MA;-;Johann Wolfgang von Goethe. Sämtliche Werke nach Epochen seines Schaffens. Münchner Ausgabe. Hrsg. von Karl Richter u. a. Bd. 1-26. München 1985-1998;
Maaß;-;Maaß, Christian: Johann Bernhard Wilbrand (1779-1846). Herausragender Vertreter der romantischen Naturlehre in Gießen. Bd. 1-2. Gießen 1994;
Maaz;-;Maaz, Bernhard: Friedrich Tieck - Briefwechsel mit Goethe. Berlin 1997;
Mackall, in: Archiv;-;Mackall, Leonard L.: Goethes letter to Joseph Green Cogswell, dated July 29, 1819 on presenting a set of his works to Harvard College now printed from the original manuscript. - In: Essays Offered to Herbert Putnam by his Colleagues and Friends on his Thirtieth Anniversary as Librarian of Congress, 5. April 1929. Hrsg. von William Warner Bishop und Andrew Veogh, S. 315-326. New Haven (Con.) 1929;
Mackall, in: Essays;-;Mackall, Leonard L.: Goethes Letter to Joseph Green Cogswell, dated July 29, 1819, on Presenting a Set of his Works to Harvard College. - In: Essays Offered to Herbert Putnam by his Colleagues and Friends on his Thirtieth Anniversary as Librarian of Congress, 5. April 1929. Hrsg. von William Warner Bishop und Andrew Keogh, S. 315-326;
Mackall, in: GJb 25 (1904);-;Mackall, Leonard L.: Briefwechsel zwischen Goethe und den Amerikanern. - In: GJb 25 (1904), S. 3-37;
Madame de Staël;-;Madame de Staël. Correspondance Générale. Hrsg. von Béatrice W. Jasinski. 5,1: France et Allemagne, 1. August 1803 - 19. Mai 1804. Paris 1982. 5,2: Le Léman et l'Italie, 19. Mai 1804 - 9. November 1805. Paris 1985;
Maier, Divan;-;Goethe. West-östlicher Divan. Kritische Ausgabe der Gedichte mit textgeschichtlichem Kommentar von Hans Albert Maier. Bd. 1-2. Tübingen 1965;
Maler Müller;-;Friedrich Müller, genannt Maler Müller. Werke und Briefe. Hrsg. von Rolf Paulus und Gerhard Sauder. Teil 1-4. Heidelberg 1998;
Maltzahn, in: Goethe-Kalender 1934;-;Maltzahn, Hellmuth von: Frankfurts Anteilnahme an Goethes 70. Geburtstag. - In: Goethe-Kalender auf das Jahr 1934. Leipzig 1933, S. 154-189;
Maltzahn, in: Jb Sa Kipp (1963);-;Maltzahn, Hellmuth von: Vierzehn Briefe Goethes an Kräuter. - In: Jahrbuch der Sammlung Kippenberg 1963, Neue Folge, Bd. 1, S. 11-35;
Markner, in: Zwischen Narretei und Weisheit;-;Reinhard Markner: Johann Gottfried Gruber und die Ordnung des Wissens. - In: Zwischen Narretei und Weisheit. Biographische Skizzen und Konturen alter Gelehrsamkeit. Hrsg. von Gerald Hartung und Wolf-Peter Klein. Hildesheim 1997, S. 288-318;
Martin, in: GJb 13 (1892);-;Martin, Ernst: Zwei Briefe von J. G. D. Arnold an Goethe. - In: GJb 13 (1892), S. 80-87;
Maul, Russe;-;Maul, Gisela und Christel Russe: Johann Wolfgang von Goethe und der Pohlitzer Meteorit. - In: Beiträge zur Mineralogie, Geologie, Flora und Fauna 27/2000. Hrsg. vom Museum für Naturkunde der Stadt Gera;
MBl;-;Morgenblatt für gebildete Stände. Stuttgart, Tübingen 1807-1865;
Meier, Vulpius-Briefe;-;Meier, Andreas: Christian August Vulpius in seiner Korrespondenz mit Goethe und anderen Zeitgenossen. Briefe zur Kulturgeschichte des klassischen Weimar (Manuskript). Wuppertal 1996;
Merck BW;-;Johann Heinrich Merck. Briefwechsel. Hrsg. von Ulrike Leuschner in Verbindung mit Julia Bohnengel, Yvonne Hoffmann und Amélie Krebs. Bd. 1-5. Göttingen 2007;
Michel;-;Michel, Christoph: Goethe. Der Dichter und der Wein. Frankfurt, Leipzig 2000;
Mil G;-;Milović, Jerto M.: Goethe, seine Zeitgenossen und die serbokroatische Volkspoesie. Leipzig 1941;
Möbius, in: GJb 77 (1960);-;Möbius, Hans: Goethe und Martin Wagner. - In: GJb 77 (1960), S. 135-149;
Moeller, in: GJb 62 (1942);-;Moeller, Klara von: Indianischer Federschmuck in Goethes Sammlungen. - In: GJb 62 (1942), S. 199 bis 205;
Mommsen, Goethe und Diez;-;Mommsen, Katharina: Goethe und Diez. Quellenuntersuchungen zu Gedichten der Divan-Epoche. Bern, Berlin, Frankfurt u. a. 1995;
Mommsen;-;Mommsen, Momme und Katharina Mommsen: Die Entstehung von Goethes Werken in Dokumenten. Bd. 1-2. Berlin 1958;
Monroy, in: GJb 46 (1926);-;Monroy, Else v.: Schriftstellernde jenaische Studenten. Georg Christian Friedrich Piper. - In: GJb 46 (1926), S. 200-202;
Morris, in: GJb 20 (1899);-;Morris, Max: An den Genius anderer Welten. - In: GJb 20 (1899), S. 265-267;
Müller, Schelver;-;Müller, Klaus-Dieter: F. J. Schelver. 1778-1832. Romantischer Naturphilosoph, Botaniker und Magnetiseur im Zeitalter Goethes. Stuttgart 1992;
Münster;-;Goethe und der Kreis von Münster. Zeitgenössische Briefe und Aufzeichnungen. In Zusammenarbeit mit Waltraut Loos hrsg. von Erich Trunz. Münster 1971;
Muthesius, in: GJb 26 (1905);-;Muthesius, Karl: Goethe und Pestalozzi. - In: GJb 28 (1907), S. 160-172;
Muthesius, in: GJb 29 (1908);-;Muthesius, Karl: Zwei Briefe Emmanuel von Fellenbergs und ein Brief Franz Passows an Goethe. - In: GJb 29 (1908), S. 3-9;
Naumann;-;Naumann, Ursula: Geträumtes Glück. Angelica Kauffmann und Goethe. Frankfurt, Leipzig 2007;
NC;-;Goethes Naturwissenschaftliche Korrespondenz (1812-1832). Hrsg. von Franz Thomas Bratranek. Teil 1-2. Leipzig 1874;
n. e.;Abkürzung;nicht ermittelt;-
Neumann, in: Jahresschr. f. Mitteldt. Vorgeschichte;-;Neumann, Gotthard: Goethes Sammlung vor- und frühgeschichtlicher Altertümer. - In: Jahresschrift für Mitteldeutsche Vorgeschichte. Bd. 36, S. 184-242, Halle 1952;
Neuß, in: Festschrift Universität Halle;-;Neuß, Erich: Goethe und die Universität Halle. - In: Festschrift zur 450-Jahrfeier der Martin-Luther-Universität Halle-Wittenberg. Halle 1952, S. 125-158;
NIR;-;Zur Nachgeschichte der italienischen Reise. Goethes Briefwechsel mit Freunden und Kunstgenossen in Italien 1788-1790. Hrsg. von Otto Harnack. Weimar 1890;
NT;Abkürzung;Neues Testament;-
Oberaufsicht;-;Oberaufsicht über die unmittelbaren Anstalten für Wissenschaft und Kunst in Weimar und Jena;
Oehlenschläger;-;Breve fra og til Adam Oehlenschläger Januar 1789 - November 1809. Hrsg. von H. A. Paludan, Daniel Preisz und Marten Borup. Bd. 1-5. Kopenhagen 1945-1950;
OG;-;Bräuning-Oktavio, Hermann: Oken und Goethe im Lichte neuer Quellen. Weimar 1959;
ON;-;Aus Ottilie von Goethes Nachlaß. Briefe von ihr und an sie 1806-1832. Nach den Handschriften des Goethe- und Schiller-Archivs hrsg. von Wolfgang von Oettingen. Bd. 1-2. Weimar 1912f.;
Ormanns, in: GJb 103 (1986);-;Ormanns, Stefan: Ein unveröffentlichtes Billett Schillers an Goethe. Nachtrag zu Bd. 31 der Schiller-Nationalausgabe. - In: GJb 103 (1986), S. 387f.;
Ormanns, in: Schiller-Jb 27 (1983);-;Ormanns, Stefan: Ein unbekanntes Brieffragment Schillers. - In: Jahrbuch der Deutschen Schillergesellschaft 27 (1983), S. 6-8;
Otto, in: Impulse 5;-;Otto, Regine: Lukrez bleibt immer in seiner Art der Einzige. Karl Ludwig von Knebel an Goethe. Ungedruckte Briefe aus den Jahren 1821 und 1822. - In: Impulse. Bd. 5, S. 229-263. Weimar 1982;
Pa;-;Goethes Theaterleitung in Weimar. - In: Episoden und Urkunden. Dargestellt von Ernst Pasqué. Bd. 1-2. Leipzig 1863;
Pape, in: Jb FDH 1986;-;Pape, Matthias: Goethe und Johannes von Müller im Briefwechsel. Zur Gründungsgeschichte der Jenaischen Allgemeinen Literatur-Zeitung. - In: Jahrbuch des Freien Deutschen Hochstifts 1986, S. 155-178;
Parthey;-;Parthey, Gustav: Ein verfehlter und ein gelungener Besuch bei Goethe: 1819 und 1827. - In: M. Gregor-Dellin. Partheys völlig verfehlter Besuch bei Thomas Mann. Hrsg. von Ulrich von Bülow. Marbach 2002, S. 110-165;
Patsch, in: Festschrift Henkel;-;Patsch, Hermann: Friedrich Asts "Krösus" - ein vergessenes Trauerspiel aus dem Kreis der Jenaer Romantik. - In: Geist und Zeichen. Festschrift für Arthur Henkel zu seinem sechzigsten Geburtstag dargebracht von Freunden und Schülern. Hrsg. von Herbert Anton u. a. Heidelberg 1977, S. 305-319;
Pestalozzi;-;Johann Heinrich Pestalozzi. Sämtliche Briefe. Hrsg. vom Pestalozzianum und von der Zentralbibliothek Zürich. Bearbeitet von Emmanuel Dejung. Bd. 1-8. Zürich 1946-1966;
Pester, in: Die große Stadt 3 (2008);-;Pester, Thomas: Zwischen Nation und Burschenbrauch. Heinrich von Gagern als Student in Jena 1818/19 (Teil I). - In: Weimar-Jena: Die große Stadt. Das kulturhistorische Archiv 2008, Heft 3, S. 151-166;
Peter Cornelius;-;Kuhn, Alfred: Peter Cornelius und die geistigen Strömungen seiner Zeit. Mit den Briefen des Meisters an Ludwig I. von Bayern und an Goethe. Berlin 1921;
Petersen, in: GJb 46 (1926);-;Petersen, Julius: Die Briefe Charlottens von Kalb an Schiller. - In: GJb 46 (1926), S. 104-168;
Petz, in: Deutsch-ungarische Heimatblätter 4 (1932);-;Petz, Gedeon: Goethes Beziehungen zu Ungarn. - In: Deutsch-ungarische Heimatblätter 4 (1932), S. 95-118;
Peucer, in: Weimarisches Herder-Album;-;Peucer, Friedrich: Herders Berufung nach Weimar. - In: Weimarisches Herder-Album, S. 47-64. Jena 1845;
Peucer;-;Peucer, Friedrich: Weimarische Blätter. Leipzig 1834;
Pfannenstiel, Zaunick;-;Pfannenstiel, Max und Rudolf Zaunick: Lorenz Oken und J. W. von Goethe. - In: Sudhoffs Archiv für Geschichte der Medizin und der Naturwissenschaften 33 (1941), S. 113 - 173;
Pischel, in: Jenaische Zeitung, 18. Januar 1926;-;Pischel, Felix: Ein unbekannter Brief Eichstädts an Goethe über die Universität Jena im Oktober 1806. - In: Jenaische Zeitung vom 18. Januar 1926;
Pix, in: Heilbronner Kleist-Blätter 2010;-;Pix, Manfred: Preussische Treue, Liebe und Milde. Genese einer Prinzessin Marianne von Preussen gewidmeten Radierung von Ludwig Emil Grimm. - In: Heilbronner Kleist-Blätter 2010, Bd. 22, S. 227-240;
Polit. Briefwechsel;-;Politischer Briefwechsel des Herzogs und Großherzogs Carl August von Weimar. Hrsg. von Willy Andreas. Bearbeitet von Hans Tümmler. Bd. 1-3. Stuttgart 1954-1973;
Porezag;-;Porezag, Karsten: Hensoldt. Geschichte eines optischen Werkes in Wetzlar. Bd. 1: Familien- und Gründungsgeschichte bis 1903. Wetzlar 2001;
Pr;Abkürzung;Präsentatum;-
Praschek, in: GJb 85 (1968);-;Praschek, Helmut: Frantz Ludwig Catel - nicht Johann Heinrich Ramberg. Neue Quellen zur Entstehung des Kupfer zu Goethes Erzählung "Die guten Weiber". - In: GJb 85 (1968), S. 313-318;
Proescholdt;-;Proescholdt, Catherine W.: Johann Christian Hüttner (1766-1847): a Link Between Weimar and London. - In: Goethe and the English-Speaking World. Essays from the Cambridge Symposium for his 250th Anniversary. Hrsg. von Nicholas Boyle und John Guthrie. Rochester 2002, S. 99-110;
Pustkuchen;-;Wolf, Thomas: Pustkuchen und Goethe. Die Streitschrift als produktives Verwirrspiel. Tübingen 1999;
QuZ 1;-;Quellen und Zeugnisse zur Druckgeschichte von Goethes Werken. 1: Gesamtausgaben bis 1822. Bearbeitet von Waltraud Hagen unter Mitarbeit von Edith Nahler. Berlin 1966;
QuZ 4;-;Quellen und Zeugnisse zur Druckgeschichte von Goethes Werken. 4: Die Einzeldrucke. Bearbeitet von Inge Jensen. Berlin 1984;
R;Abkürzung;Regest;-
RA;-;Briefe an Goethe. Gesamtausgabe in Regestform. (Regestausgabe). Bd. 1ff. Weimar 1980ff.;
Raabe, in: Bremisches Jb 45 (1957);-;Raabe, Paul: Der Verleger Friedrich Wilmans. Ein Beitrag zur Literatur- und Verlagsgeschichte der Goethezeit. Mit sechs ungedruckten Briefen an Goethe und zwei ungedruckten Briefen Wielands an Wilmans. - In: Bremisches Jahrbuch 45 (1957), S. 79-162;
Raabe, in: Festgruß Pyritz;-;Raabe, Paul: Goethes Umschlag zu "Kunst und Altertum". Mit einem ungedruckten Brief und einer Skizze Goethes. - In: Festgruß für Hans Pyritz. Heidelberg 1955, S. 37-41;
Raabe, in: GJb 75 (1958);-;Raabe, Paul: Zwölf Goethe-Briefe. Mit einigen kritischen Bemerkungen über die Editionen der Briefnachträge der Weimarer Ausgabe. - In: GJb 75 (1958), S. 233-263;
Raabe, in: GJb 76 (1959);-;Raabe, Paul: Weitere ungedruckte Goethe-Briefe. - In: GJb 76 (1959), S. 255-272;
Raabe, in: Imprimatur 1956/57;-;Raabe, Paul: Goethes Förderung wissenschaftlicher Arbeit. Ein Splitter aus seiner Korrespondenz. - In: Imprimatur 1 (1956/1957), S. 174-176;
Raabe, in: Oldb. Jb 54 (1954);-;Raabe, Paul: Der junge Karl Ludwig Woltmann. Ein Beitrag zur deutschen Geistesgeschichte. - In: Oldenburger Jahrbuch 54 (1954), S. 6-82;
Radlmaier;-;Radlmaier, Dominik: Handschriften der Welser. Die Bibliothek der Paul Wolfgang Merkelschen Familienstiftung im Germanischen Nationalmuseum Nürnberg. Nürnberg 2008;
Rahmer, in: GJb 30 (1909);-;Rahmer, S.: Die Freunde der Rahel über Goethe. - In: GJb 30 (1909), S. 43-50;
Rahmeyer;-;Rahmeyer, Ruth: Bester Vater! Briefe der Ulrike von Pogwisch an Goethe. Leipzig 1999;
Raumer;-;Raumer, Friedrich von: Das Blücherdenkmal in Rostock und Goethes Teilnahme an diesem Werke. Mit 24 Briefen Goethes. - In: Historisches Taschenbuch 1862. Hrsg. von Friedrich von Raumer, S. 343- 421;
Rauscher, in: Chr WGV 43 (1938);-;Rauscher, Otto: Joseph Geistinger als Verleger Goethes. - In: Chronik des Wiener Goethe-Vereins 43 (1938), S. 36f.;
Redslob;-;Redslob, Edwin: "Mein Fest". Goethes Geburtstage als Stufen seines Lebens. München 1956;
Rehm, in: Jb FDH 1971;-;Rehm, Else: Unbekannte Briefe Johann Wilhelm Ritters an Arnim, Savigny, Frommann, Schelling und andere aus den Jahren 1800-1803. - In: Jahrbuch des Freien Deutschen Hochstifts 1971, S. 32-89;
Reise nach Harbke und Helmstedt;-;Becker, Bernhard: Goethes Reise nach Harbke und Helmstedt. Helmstedt 1925;
Reiter, in: GJb 27 (1906);-;Reiter, Siegfried: Friedrich August Wolfs Briefe an Goethe (Nebst zwei Briefen Mine Wolfs an Christiane von Goethe). - In: GJb 27 (1906), S. 3-96;
Reiter;-;Friedrich August Wolf. Ein Leben in Briefen. Besorgt und erläutert durch Siegfried Reiter. Bd. 1 - 3 und Ergänzungsbd. Stuttgart 1935, Halle 1956;
Reuter, in: Goethe-Almanach 1967;-;Reuter, Hans-Heinrich: Ergänzungen zu Goethes Briefwechsel mit Christian Gottlob Voigt und Johann Heinrich Meyer. - In: Goethe-Almanach auf das Jahr 1967. Berlin, Weimar 1966, S. 243 - 268;
Reuter, in: Goethe-Almanach 1968;-;Reuter, Hans-Heinrich: Aus Goethes Korrespondenzmappe. Ungedruckte Briefe an Goethe. - In: Goethe-Almanach auf das Jahr 1968. Weimar 1967, S. 269-277;
Richter, in: GJb 113 (1996);-;Richter, Thomas: Doris Zelters Briefe nach Weimar, 1818-1834. Teil I: Die Briefe an Goethe. - In: GJb 113 (1996), S. 291-307;
Richter, in: GJb 121 (2004);-;Richter, Elke: Unbekannte Briefe Goethes an Julius Adolph Völkel. - In: GJb 121 (2004), S. 268-275;
Riemer, Gedichte;-;Riemer, Friedrich Wilhelm: Gedichte. Bd. 1-2. Jena 1826;
Ries;-;Ries, Wolfgang: Goethes Stiftung für die Rochuskapelle in Bingen. Die Geschichte eines Bildes. Ladenburg 2000;
Rijk, in: Neophilologus 16 (1930);-;Rijk, J. A. M.: Drei bisher unveröffentlichte Briefe an Goethe. - In: Neophilologus 16 (1930), S. 261-267;
Ritchie, Swales, in: German Life and Letters 42 (1988/89);-;Ritchie, J. M. und M. W. Swales: The London Goethe Letter. - In: German Life and Letters 42 (1988/89), S. 168-179;
Ritt;-;Ritt, Elke H. M.: Mary Stuart, a Tragedy (1801) von Joseph Charles Mellish: die autorisierte englische Blankversübersetzung von Schillers Maria Stuart. Analyse und Text, nebst einer Biographie des Übersetzers und handschriftlichem Dokumentationsmaterial. München 1993;
Rückert;-;Friedrich Rückert. Briefe. Bd. 1. Hrsg. von Rüdiger Rückert. Schweinfurt 1977;
Ruland, in: GJb 12 (1891);-;Ruland, Karl: Zu Goethes naturwissenschaftlichen Forschungen. - In: GJb 12 (1891), S. 152-174;
Ruland, in: GJb 23 (1902);-;Ruland, Karl: Aus Goethes Schreibtisch. - In: GJb 23 (1902), S. 37-68;
Ruppert, in: Forschungen und Fortschritte 33 (1959);-;Ruppert, Hans: Goethe und die Altertumswissenschaften seiner Zeit. Mit den von Goethe und Heyne gewechselten Briefen. - In: Forschungen und Fortschritte 33 (1959), S. 230-236;
Ruppert;-;Ruppert, Hans: Goethes Bibliothek. Katalog. Weimar 1958;
S;Abkürzung;Signatur;-
Sachse;-;Sachse, Johann Christoph: Der deutsche Gil Blas oder Leben, Wanderungen und Schicksale Johann Christoph Sachses, eines Thüringers, von ihm selbst verfaßt. Eingeführt von J. W. von Goethe. Hrsg. von Jochen Golz. Berlin 1977;
Sänger;-;Sänger, Johanna: "Von einem der wundersamsten Stammbücher das man vielleicht gesehen". Das Stammbuch des Barons von Burkana wiederentdeckt. - In: Das Goethe- und Schiller-Archiv 1896- 1996. Beiträge aus dem ältesten deutschen Literaturarchiv. Hrsg. von Jochen Golz. Weimar, Köln, Wien 1996;
Salomon, in: GJb 78 (1961);-;Salomon, Johanna: Goethe und J. G. Lenz. Jahre gemeinsamen Schaffens für die Mineralogische Societät zu Jena. - In: GJb 78 (1961), S. 232-244;
Salomon, in: WZ Jena 8 (1958/59);-;Salomon, Johanna: Geschichte der "Societät für die gesammte Mineralogie" zu Jena unter ihrem Gründer Johann Georg Lenz und ihrem Förderer und Präsidenten Johann Wolfgang von Goethe (1796-1830). - In: Wissenschaftliche Zeitschrift der Friedrich-Schiller-Universität Jena. Mathematisch-naturwissenschaftliche Reihe 8 (1958/59) 1, S. 45-72;
Salomon, Sozietät;-;Salomon, Johanna: Die Sozietät für die gesamte Mineralogie zu Jena unter Goethe und Johann Georg Lenz. Köln, Wien 1990;
Salomon;-;Salomon, Johanna: Geschichte der "Societät für die gesamte Mineralogie" zu Jena unter ihrem Gründer Johann Georg Lenz und ihrem Förderer und Präsidenten Johann Wolfgang von Goethe (1796-1830). Jena 1957;
Sammlung Alther;-;Die Sammlung Robert Alther. Kantonsbibliothek St. Gallen, Vadianische Sammlung. St. Gallen 2003;
Sammlung Lessing;-;Lessing, Gotthold: Carl Robert Lessings Bücher- und Handschriftensammlung. Bd. 1-3. Berlin 1914- 1916;
Sanders;-;Lüders, Else: Die Sanders. Ein Familienschicksal aus Preußens Notzeit und Aufstieg. Leipzig 1940;
Sangmeister;-;Sangmeister, Dirk: Bibliographie August Lafontaine. Bielefeld 1996;
Satori-Neumann, in: Deutsche Bühne 19 (1927);-;Satori-Neumann, Bruno Theodor: Aus der Rechtsprechung des Oberschiedsrichters Johann Wolfgang von Goethe. - In: Die deutsche Bühne 19 (1927), S. 186-188;
Sauer, in: GJb 39 (1918);-;Sauer, August: Briefe an Goethe aus Österreich-Ungarn. - In: GJb 39 (1918), S. 161-184;
Sauer, in: GJb 41 (1920);-;Sauer, August: Briefe an Goethe aus Österreich-Ungarn. - In: GJb 41 (1920), S. 175-192;
Schadow;-;Schadow, Johann Gottfried: Kunstwerke und Kunstansichten. Ein Quellenwerk zur Berliner Kunst- und Kulturgeschichte zwischen 1780 und 1845. Kommentierte Neuausgabe der Veröffentlichung von 1849. Hrsg. von Götz Eckardt. Bd. 1 - 3. Berlin 1987;
Schäfer, in: GJb 128 (2011);-;Schäfer, Sabine: Alexander Palmer alias Blankenstein - auf der Spur eines Hochstaplers. - In: GJb 128 (2011), S. 273-285;
Scheele;-;Scheele, Walter: Burg Frankenstein. Mythos, Wahrheit, Legende. Frankfurt 2001;
Scheibe, in: GJb 78 (1961);-;Scheibe, Siegfried: Neue Zeugnisse zur Druckgeschichte von Goethes "Hermann und Dorothea". - In: GJb 78 (1961), S. 265-298;
Schelling;-;Friedrich Wilhelm Josef Schelling. Briefe und Dokumente. Hrsg. von Horst Fuhrmans. Bd. 1-3. Bonn 1962-1975;
Scherer, in: GJb 15 (1894);-;Scherer, Karl: Carl Mattaei. - In: GJb 15 (1894), S. 216-244;
Schiff, in: Chemiker-Zeitung 1923;-;Schiff, Julius: Unveröffentlichte chemische Dokumente aus dem Goethe-und Schiller-Archiv in Weimar. - In: Chemiker-Zeitung 1923, Nr. 54, S. 385f.;
Schiff, in: GJb 48 (1928);-;Schiff, Julius: Johann Friedrich August Göttlings Briefe an Goethe. Nach den Handschriften des Goethe- und Schiller-Archivs. - In: GJb 48 (1928), S. 130-146;
Schiff, in: Naturwissenschaften 13 (1925);-;Schiff, Julius: J. S. C. Schweigger und sein Briefwechsel mit Goethe. - In: Die Naturwissenschaften 13 (1925), S. 555-559;
Schiller-Nationalausgabe;-;Schillers Werke. Nationalausgabe. 1940 begründet von Julius Petersen. Fortgeführt von Lieselotte Blumenthal, Benno v. Wiese und Siegfried Seidel. Hrsg. im Auftrag der Stiftung Weimarer Klassik und des Schiller-Nationalmuseums Marbach von Norbert Oellers. Bd. 1ff. Weimar 1943ff.;
Schlegels Werke;-;August Wilhelm von Schlegel. Sämtliche Werke. Hrsg. von Eduard Böcking. Bd. 1-12. Leipzig 1846;
Schleif;-;Schleif, Walter: Goethes Diener. Berlin, Weimar 1965;
Schlichtmann;-;Schlichtmann, Silke: Geschlechterdifferenz in der Literaturrezeption um 1800? Zu zeitgenössischen Goethe-Lektüren. Tübingen 2001;
Schlichtmann, in: Schrift - Text - Edition;-;Schlichtmann, Silke: »Sie kommen mir vor wie ein unversiegbarer Quell«. Caroline Barduas Briefe an Goethe. - In: Schrift - Text - Edition. Hans Walter Gabler zum 65. Geburtstag. Hrsg. von Christiane Henkes, Walter Hettche, Gabriele Radecke und Elke Senne. Tübingen 2003, S. 189-200;
Schmid, in: GJb 94 (1977);-;Schmid, Irmtraut: Ein verschollenes Gegenstück zu Goethes "Märchen". - In: GJb 94 (1977), S. 286-303;
Schmid, in: Impulse 10 (1987);-;Schmid, Irmtraut: Die Gründung der "Jenaischen Allgemeinen Literaturzeitung". - In: Impulse 10 (1987), S. 186-273;
Schmid, in: Thür.-Sächs. Zeitschr. 22 (1933);-;Schmid, Günther: Goethes Metamorphose-Elegie und Neuenhahn der Jüngere von Nordhausen. - In: Thüringische-Sächsische Zeitschrift für Geschichte und Kunst 22 (1933), S. 92-105;
Schmidt-Von Essen;-;Schmidt-Von Essen, Maren Isabell: Mademoiselle Clairon. Verwandlungen einer Schauspielerin. Frankfurt am Main, Berlin u. a. 1994;
Schneider, in: Neues Magazin für Hanauische Geschichte 1996;-;Schneider, Ina: Conrad und Henriette Westermayr: Leben und Arbeiten in Weimar und Hanau. - In: Neues Magazin für Hanauische Geschichte 1996, S. 2 - 34;
Schöll, in: GJb 23 (1902);-;Schöll, Fritz: Ein Brief Goethes an Friedrich Preller nebst Briefen Prellers. - In: GJb 23 (1902), S. 3-36;
Schreckenbach;-;Schreckenbach, Hans-Joachim: Goethes Autographensammlung. Katalog. Weimar 1961;
Schröer, in: ChrWGV 1891;-;Schröer, Karl Julius: Altgraf Hugo Franz zu Salm und Goethe. - In: Chronik des Wiener Goethe-Vereins 1891, Heft 8/9, S. 29 - 33;
Schüddekopf, in: GJb 18 (1897);-;Schüddekopf, Karl: Zu Goethes Tagebüchern V, 92. - In: GJb 18 (1897), S. 276f.;
Schultheiß, Tardy, in: NTM 1 (1960);-;Schultheiß, Emil und Ludwig Tardy: Der Arzt Orlay und seine Beziehungen zu Goethe. - In: Zeitschrift für Geschichte der Naturwissenschaften, Technik und Medizin 1 (1960) H. 3, S. 80-86;
Schultz, in: Buchenblätter 1997;-;Schultz, Hans Günther: Goethe und Dr. Joseph Schneider. - In: Buchenblätter. Beilage der Fuldaer Zeitung für Heimatfreunde, 70. Jg., Nr. 13, 26. Mai 1997, S. 50.52 und Nr. 14, 10. Juni 1997, S. 53f.;
Schulz, in: GJb 71 (1954);-;Schulz, Günther: Salomon Maimon und Goethe. - In: GJb 71 (1954), S. 272-288;
Schulz, in: Jb der Wittheit 1971;-;Schulz, Günter: Carl Ludwig Ikens Briefe an Goethe. - In: Jahrbuch der Wittheit zu Bremen 1971, Bd. 15, S. 105 - 207;
Schumann, in: GJb 74 (1957);-;Schumann, Detlev W.: Briefe aus Auguste Stolbergs Jugend. - In: GJb 74 (1957), S. 240-297;
Schwinge;-;Schwinge, Gerhard: Prophet und Weltkind - Jung-Stilling und Goethe. - In: Jung-Stilling. Arzt - Kameralist - Schriftsteller zwischen Aufklärung und Erweckung. Eine Ausstellung der Badischen Landesbibliothek Karlsruhe in Zusammenarbeit mit der Stadt Siegen/Siegerlandmuseum und in Verbindung mit dem Generallandesarchiv Karlsruhe. Ausstellungskatalog. Hrsg. von der Badischen Landesbibliothek Karlsruhe. Karlsruhe 1990;
Scott;-;Scott, D. F. S.: Some English Correspondents of Goethe. London 1949;
Seckendorf;-;Leo von Seckendorf. Korrespondenzen der Goethezeit. Edition und Kommentar. Bd. 1-2. Hrsg. von Michael Grus und Mathias Mayer. Berlin 2014;
Sedlarz, in: Tableau de Berlin;-;Sedlarz, Claudia: Die Reform der Berliner Kunstakademie und die »spezielle Direction« Friedrich Rehbergs in Rom. - In: Tableau de Berlin: Beiträge zur »Berliner Klassik« (1786-1815). Hrsg. von Iwan D'Aprile, Martin Disselkamp und Claudia Sedlarz. Hannover 2005, S. 245-270;
Seehafer;-;Seehafer, Klaus: Da kommt man fremd in eine kleine Stadt ... Diepholz im Spiegel der Literatur. Mit dem vollständigen Briefwechsel Johann Wolfgang von Goethe - Georg Moller als Erstveröffentlichung. o. O. [Diepholz] 1980;
Seiler, in: GJb 104 (1987);-;Seiler, Rolf H.: Johann Wolfgang Goethe über Jakob Philipp Hackert. - In: GJb 104 (1987), S. 301-317;
Sembdner, in: In Sachen Kleist;-;Sembdner, Helmut: "Schmerz" oder "Schmutz"? Zu Kleists Bemerkung über die "Penthesilea". - In: In Sachen Kleist. München 1974, S. 76-87;
Sembdner;-;Sembdner, Helmut: Schütz-Lacrimas. Das Leben des Romantikerfreundes, Poeten und Literaturkritikers Wilhelm von Schütz (1776-1847). Mit unbekannten Briefen und Kleist-Rezensionen. Berlin 1974;
Seuffert, in: GJb 12 (1891);-;Seuffert, Bernhard: Wieland an Goethe. - In: GJb 12 (1891), S. 267;
Seuffert, in: GJb 47 (1927);-;Seuffert, Bernhard: Der Briefwechsel Wielands mit Goethe. - In: GJb 47 (1927), S. 54 - 86;
Seyderhelm;-;Seyderhelm, Bettina: Studien zur Denkmalskunst des Frühklassizismus. Kunstgeschichtliche Untersuchungen zu Goethes Denkmalsentwürfen und zu den Denkmälern der Künstler seines Umkreises. Bd. 1-2. Göttingen 1998;
Skramlik, in: GJb 72 (1955);-;Skramlik, Emil v.: Die Naturforschende Gesellschaft zu Jena und ihre Beziehungen zu Goethe. - In: GJb 72 (1955), S. 274-301;
SLUB Dresden;Institution;Sächsische Landesbibliothek - Staats- und Universitätsbibliothek Dresden;
Soemmerring;-;Goethe und Soemmerring, Briefwechsel 1784-1828. Bearbeitet und hrsg. von Manfred Wenzel. Stuttgart, New York 1988;
Sommerfeld 1941;-;Sommerfeld, Herbert: Goethe und der Berliner Kunstverleger Ludwig Wilhelm Wittich. - In:  Zeitschrift des Vereins für die Geschichte Berlins. Neue Folge der "Mitteilungen", Jg. 58 (1941), S. 10-14;
Spiller;-;Spiller, Armin Gottlieb: Kanonikus Franz Pick. Ein Leben für die Kunst, die Vaterstadt und die Seinen. Diss. Bonn 1967;
St.;Abkürzung;Stück;-
Stadelmann;-;Die Briefe Johann Karl Wilhelm Stadelmanns an Goethe. Hrsg. von Max Hecker. Weimar 1931 (Schriften der Stadelmann-Gesellschaft, 12);
Stark;-;Schlegel, Heinz: Johann Christian Stark der "Jüngere". 1769-1837. Versuch einer Würdigung. Diss. Jena 1955;
Steig, in: GJb 37 (1916);-;Steig, Reinhold: Christiane von Goethe und Bettina Brentano. - In: GJb 37 (1916), S. 135-163;
Stein;-;Tagebücher und Briefe Goethes aus Italien an Frau von Stein und Herder. Weimar 1886;
Steinbrucker, in: ZfBfr;-;Steinbrucker, Charlotte: Goethe als Ehrenmitglied der Berliner Akademie der Künste. Mit zwei ungedruckten Briefen Goethes. - In: Zeitschrift für Bücherfreunde N. F. 11 (1920) H. 2, S. 164f.;
Steiner;-;Steiner, Walter: Christian Keferstein und das Erscheinen der ersten geologischen Übersichtskarte von Mitteleuropa im Jahre 1821. Zugleich ein Beitrag zur Goetheforschung und zur Geschichte des Kartendruckes und des Verlagswesens. - In: Geologen der Goethezeit. Abhandlungen des Staatlichen Museums für Mineralogie und Geologie zu Dresden, Bd. 29, S. 99-147. Leipzig 1979;
Steiniger, Henke, in: GJb 122 (2005);-;Steiniger, Judith und Silke Henke: Die Handschriften von Goethes szenischer Bearbeitung des "Faust" für Anton Fürst Radziwill im Archiwum Glowne Akt Dawnych in Warschau. - In: Goethe-Jahrbuch 122 (2005), S. 316-324;
Stenzel, in: Schiller-Jb 18 (1974);-;Stenzel, Jürgen: "Hochadeliche dilettantische Richtersprüche". Zur frühesten Verwendung des Wortes ,Dilettant^' in Deutschland. - In: Jahrbuch der Deutschen Schillergesellschaft 18 (1974), S. 235-244;
Stettner, in: GJb 28 (1907);-;Stettner, Thomas: Jacob Hermann Obereit. - In: GJb 28 (1907), S. 192-204;
Stolberg;-;Friedrich Leopold Graf zu Stolberg. Briefe. Hrsg. von Jürgen Behrens. Neumünster 1966;
Strehlke;-;Goethe's  Briefe. Hrsg. von F. Strehlke. Bd. 1-3. Berlin 1882-1884;
SuUB Bremen;Institution;Staats- und Universitätsbibliothek Bremen;
Suphan, in: Deutsche Rundschau 114 (1903);-;Suphan, Bernhard: Ein unbekannter Brief Goethes aus Rom. - In: Deutsche Rundschau 114 (1903), S. 213-230;
Suphan, in: GJb 6 (1885);-;Suphan, Bernhard: Goethe und Prinz von Gotha. - In: GJb 6 (1885), S. 27-58;
Suphan, in: GJb 13 (1892);-;Suphan, Bernhard: Siebzehn Briefe von Barbara Schulthess an Goethe, ein Brief Goethes an Barbara Schulthess. Beigefügt: ein Brief von Georg Gessner (Bäbe's Schwiegersohn) und zwei Briefe von Phil. Christoph Kayser an Goethe. - In: GJb 13 (1892), S. 10-30;
Suphan, in: GJb 13 (1892);-;Suphan, Bernhard: Zwei Briefe von Elisabeth von Türckheim an Goethe und Goethes Antworten. - In: GJb 13 (1892), S. 30-40;
T;Abkürzung;Teildruck;-
Tardel, in: Bremer Jahrbuch 41 (1944);-;Tardel, Hermann: Wilhelm Christian Müller bei Goethe. - In: Bremer Jahrbuch 41 (1944), S. 305-315;
Tardel, in: Bremische Weihnachtsblätter 5 (1935);-;Tardel, Hermann: Goethes Beziehungen zu bremischen Zeitgenossen.- In: Bremische Weihnachtsblätter 1935, Heft 5, S. 3-24;
Tasso;-;Aurnhammer, Achim, Christina Florack-Kröll und Dieter Martin: Torquato Tasso in Deutschland. Gedenkausstellung zum 400. Todestag (25. April 1995) im Goethe-Museum Düsseldorf in Zusammenarbeit mit der Albert-Ludwigs-Universität Freiburg. 22. Februar-30. April. Katalog. Heidelberg 1995;
Tausch;-;Tausch, Harald: Fernows Kupferstichsammlung.  Mit einem ungedruckten Brief von J. W. Goethe. - In: Von Rom nach Weimar - Carl Ludwig Fernow. Beiträge des Kolloquiums der Stiftung Weimarer Klassik/Herzogin Anna Amalia Bibliothek vom 9. bis 10. Juli 1998 in Weimar. Hrsg. von Michael Knoche und Harald Tausch. Tübingen 2000;
TB;Abkürzung;Tagebuchvermerk;-
TbD;-;Taschenbuch für Damen auf das Jahr ... Tübingen u. a. 1798-1822;
Teichmann;-;Johann Valentin Teichmanns ... literarischer Nachlaß. Hrsg. von Franz Dingelstedt. Stuttgart 1863;
Thienemann, in: Deutsch-ungarische Heimatblätter 1 (1929);-;Thienemann, Theodor: Erinnerungen an Goethe in einem ungarischen Dorfe. - In: Deutsch-ungarische Heimatblätter 1 (1929), Heft 1, S. 5-11;
Thienemann, in: Ungarische Rundschau 4 (1915);-;Thienemann, Theodor: Goethes ungarischer Schüler. - In: Ungarische Rundschau 4 (1915), S. 814-847;
ThULB Jena;-;Thüringer Universitäts- und Landesbibliothek Jena;
Tischbein;-;Aus Tischbeins Leben und Briefwechsel. Hrsg. von Friedrich v. Alten. Leipzig 1872;
Topfmeier;-;Topfmeier, Christa: Goethes Majolikasammlung. Teil 1-2. Diss. Jena 1958;
Tümmler, in: GJb 81 (1964);-;Tümmler, Hans: Goethe an Voigt. Kleine Nachlese zum Goethe-Voigt-Briefwechsel. - In: GJb 81 (1964), S. 277 - 285;
UA Jena;-;Universitätsarchiv Jena;
ÜF;Abkürzung;Überformat;-
ULB Bonn;Institution;Universitäts- und Landesbibliothek Bonn;
ULB Halle;Institution;Universitäts- und Landesbibliothek Sachsen-Anhalt Halle;
Ungedruckte Briefe, in: Grenzboten 23 (1864);-;Ungedruckte Briefe von Goethe an Dr. Noehden in London. - In: Grenzboten 23 (1864), S. 485-495;
Urlichs, in: Deutsche Rundschau 11 (1877);-;Urlichs, Ludwig: Etwas von Lenz. - In: Deutsche Rundschau 11 (1877), S. 254-292;
Urzidil;-;Urzidil, Johannes: Goethe in Böhmen. Zürich, Stuttgart 1962;
V;Abkürzung;Vorlage;-
Valentin, in: Festschrift zu Goethes 150. Geburtstagsfeier;-;Valentin, Veit: Goethes Beziehungen zu Wilhelm von Diede. Mit sechs ungedruckten Briefen Goethes. - In: Festschrift zu Goethes 150. Geburtstagsfeier. Dargebracht vom Freien Deutschen Hochstift. Frankfurt am Main 1899, S. 1-47;
Varnhagen und Rahel;-;Aus dem Nachlaß Varnhagens von Ense. Briefwechsel zwischen Varnhagen und Rahel. Bd. 1-4. Leipzig 1874f.;
Voght;-;Tecke, Anneliese: Caspar Voght und sein Hamburger Freundeskreis. Briefe aus einem tätigen Leben. Teil 1-3. Hamburg 1964-1967;
Voigt, Empörung;-;Voigt, Julius: Die sogenannte Ilmenauische Empörung von vorgoethischer Zeit. Leipzig 1912;
Vulpius;-;Christian August Vulpius. Eine Korrespondenz zur Kulturgeschichte der Goethezeit. Hrsg. von Andreas Meier. Bd. 1-2. Berlin 2003;
WA;-;Goethes Werke. Hrsg. im Auftrage der Großherzogin Sophie von Sachsen. I. Abt.: Werke. II. Abt.: Naturwissenschaftliche Schriften. III. Abt.: Tagebücher. IV. Abt.: Briefe. Bd. 1-143. Weimar 1887-1919. Nachträge und Register zur IV. Abt. Hrsg. von Paul Raabe. Bd. 1-3 (WA IV, Bd. 51- 53). München 1990 (Weimarer Ausgabe);
Wachtel;-;Wachtel, Emil: Der Kreuzbrunnen. Goethes Heiltrank. Eine balneologisch-literarische Studie. Mit einem Goetheportrait nach Kiprinsky. Marienbad 1925;
Wahl, in: GJb 101 (1984);-;Wahl Volker: "...als Gleichniß seiner längst bekannten Geschwister höchst willkommen...". Der Prediger Johann Gottfried Schütz aus Bückeburg - eine Pyrmonter Kurbekanntschaft von Goethe. - In: GJb 101 (1984), S. 344-349;
Wahle, in: GJb 20 (1899);-;Wahle, Julius: Villers an Goethe. - In: GJb 20 (1899), S. 114-119;
Wahle, in: GJb 25 (1904);-;Wahle, Julius: Auslegungen des Märchens. - In: GJb 25 (1904), S. 37-44;
Wahle, in: GJb 30 (1909);-;Wahle, Julius: Briefe Johann Heinrich Danneckers an Goethe. - In: GJb 30 (1909), S. 38-42;
Wahle, in: GJb 43 (1922);-;Wahle, Julius: Brief Goethes an Madame de Staël. - In: GJb 43 (1922), S. 231;
Wahle, in: GJb 46 (1926);-;Wahle, Julius: Drei neue Goethe-Briefe. - In: GJb 46 (1926), S. 197-199;
Wahle, in: GJb 47 (1927);-;Wahle, Julius: Zwei neue Goethe-Briefe. - In: GJb 47 (1927), S. 47f.;
Wahle, in: GJb 48 (1928);-;Wahle, Julius: Aus dem Goethe- und Schiller-Archiv. - In: GJb 48 (1928), S. 93-100;
Walther, in: Jb Cob Ld Stiftung 1992;-;Walther, Karl Klaus: Johann Baptist Schad in Rußland. - In: Jahrbuch der Coburger Landesstiftung 1992, S. 61-76;
Wartusch, in: GJb 113 (1996);-;Wartusch, Rüdiger: Neue Spuren der ersten Aufführungen von Szenen aus dem »Faust«. - In: GJb 113 (1996), S. 309-313;
WB;-;Lerche, Otto: Goethe und die Weimarer Bibliothek. Leipzig 1929;
Weber;-;Weber, Wilhelm: Saxa Loquuntur. Steine reden. Geschichte der Litographie. Bd. 1-2. Heidelberg u. a. 1961;
Weil, in: Von Büchern und Bibliotheken;-;Weil, Gotthold: Goethes Brief an H. F. von Diez vom 15. November 1815. - In: Von Büchern und Bibliotheken. Hrsg. von Gustav Abb. Berlin 1928;
Weimar und Mailand;-;Weimar und Mailand. Briefe und Dokumente zu einem Austausch um Goethe und Manzoni. Hrsg. von Hugo Blank. Heidelberg 1992;
Weimars Festgrüße;-;Weimars Festgrüße zum 28. August 1899. Goethes Vaterstadt und dem Freien Deutschen Hochstift dargebracht. Weimar 1899;
Weiß;-;Weiß, Christoph: Friedrich Christian Laukhard (1757 - 1822). Bd. 1 - 3. St. Ingbert 1992;
Weitz;-;Weitz, Hans-J.: Goethe-Studien. - In: Hans-J. Weitz. Der einzelne Fall. Funde und Erkundungen zu Goethe. Weimar 1998, S. 90-101;
Weniger;-;Weniger, Erich: Goethe und die Generale der Freiheitskriege. Stuttgart 1959;
Wentzlaff-Eggebert;-;Wentzlaff-Eggebert, Harald: Weimars Mann in Leipzig. Johann Georg Keil (1781-1857) und sein Anteil am kulturellen Leben der Epoche. Eine dokumentierte Rekonstruktion. Mit einem Beitrag von Markus Bertsch und unter Mitwirkung von Corinne Dölling. Heidelberg 2009;
Wenzel;-;Wenzel, Manfred: Goethe und Toel: Briefwechsel 1799. - In: Oldenburger Jahrbuch 94 (1994), S. 189 - 202;
Werke A;-;Johann Wolfgang von Goethe. Werke. Bd. 1-13. Tübingen 1806-1810;
Werke Aa;-;Johann Wolfgang von Goethe. Sämtliche Schriften. Bd. 1-26. Wien 1810;
Werke Ab;-;Johann Wolfgang von Goethes sämtliche Werke. Bd. 1-15. Upsala 1811-1820;
Werke B;-;Johann Wolfgang von Goethe. Werke. Bd. 1-20. Stuttgart, Tübingen 1815-1819;
Werke Ba;-;Johann Wolfgang von Goethe. Werke. Bd. 1 - 26. Wien 1816 - 1822;
Werke B3;-;Goethes Werke. Bd. 1 (= Bd. 14 der »Werke« A) und Bd. 15-20. Stuttgart, Tübingen 1817-1819 (Supplementbände für die Besitzer der »Werke« A);
Werke C1;-;"Goethes Werke. Vollständige Ausgabe letzter Hand. Bd. 1-40. Stuttgart, Tübingen 1827-1830; Bd. 41-55. Stuttgart, Tübingen 1832-1842";
Werke N;-;Johann Wolfgang von Goethe. Neue Schriften. Bd. 1-7. Berlin 1792-1800;
Werke S;-;Johann Wolfgang von Goethe. Schriften. Bd. 1-8. Leipzig 1787-1790;
Wernekke;-;Wernekke, Hugo: Goethe und die königliche Kunst. 2. Aufl. Berlin 1923;
Werner, in: Jb FDH 1914/15;-;Werner, Moritz: Archivisches zu Goethes letzten Frankfurter Tagen (Eine Säkularerinnerung). - In: Jahrbuch des Freien Deutschen Hochstifts 1914/15, S. 246-250;
WH;-;Das Weimarer Hoftheater unter Goethes Leitung. Bearbeitet von Julius Wahle. Weimar 1892;
Wieczorek, in: German Life and Letters 43 (1989);-;Wieczorek, John: "Lesen Sie doch, liebe Freundinn, nachstehenden Brief." A Previously Unpublished Letter to Goethe and His Response. - In: German Life and Letters 43 (1989), S. 22-33;
Wießner, in: Euphorion 39 (1938);-;Wießner, Georg Gustav: Ein unbekannter Goethe-Brief. - In: Euphorion 39 (1938), S. 339-341;
Wietek, in: Festschrift für Grundmann;-;Wietek, Gerd: Der Hamburger Architekt Johann August Arens (1757-1806) als Baumeister Goethes. - In: Bewahren und Gestalten. Festschrift für Günther Grundmann. Hamburg 1962, S. 165-176;
Wilhelm Müller;-;Wilhelm Müller. Werke, Tagebücher, Briefe. Hrsg. von Maria-Verena Leistner. Mit einer Einleitung von Bernd Leistner. Bd. 5: Tagebücher, Briefe. Berlin 1994;
Witkowski, in: GJb 23 (1902);-;Witkowski, Georg: An Carl August nebst dessen Antwort. - In: GJb 23 (1902), S. 71;
Witkowski, in: Jb Sa Kipp 10 (1935);-;Witkowski, Georg: Neue Urkunden zu Goethes Theaterleitung. - In: Jahrbuch der Sammlung Kippenberg 10 (1935), S. 49-117;
Wolff;-;Wolff, Hans Matthias: Goethe in der Periode der Wahlverwandtschaften (1802-1809). München 1952;
Wrangel, in: GJb 29 (1908);-;Wrangel, Ewert: Werther und das Wertherfieber in Schweden. - In: GJb 29 (1908), S. 128-146;
Wroblewski, Amelung, in: Die Gartenlaube 1932, Nr. 12;-;Briefwechsel Goethe-Jakowlew. Zum erstenmal veröffentlicht von Victor Augustin Wroblewski und Heinz Amelung. - In: Die Gartenlaube 1932, Nr. 12, S. 224-226;
Zapperi;-;Zapperi, Roberto: Das Inkognito. Goethes ganz andere Existenz in Rom. München 2002;
Zedinek, in: Siebenstern 1930;-;Zedinek, Hans: Zwei Briefe an Goethe aus dem "Fikentscherhaus" in Marktredwitz. - In: Der Siebenstern, Vereinszeitschrift des Fichtelgebirgsvereins 4 (1930) 7, S. 98-101;
Zeyß, in: Thür. Jb 27 (1928);-;Zeyß, Edwin: Goethes Freundes- und Bekanntenkreis in Gotha. - In: Thüringer Jahrbuch 27 (1928), S. 72-86;
Zeyß, in: Thür. Land 4 (1927);-;Zeyß, Edwin: Goethes Besuche am herzoglichen Hofe zu Gotha. - In: Thüringer Land 4 (1927) So.-Nr., S. 2-19;
Ztg eleg W;-;Zeitung für die elegante Welt. Leipzig 1801-1859;
Zumsteeg;-;Landshoff, Ludwig: Johann Rudolph Zumsteeg (1760-1802). Ein Beitrag zur Geschichte des Liedes und der Ballade. Berlin o. J.;
ZW;-;Briefe des Dichters Friedrich Ludwig Zacharias Werner. Hrsg. von Oswald Floeck. Bd. 1-2. München 1914;
